doi,abstruct_views,full_text_views,link_click_count,link_outs,exports_saves,reader_count_mendeley,reader_count_citeulike,cited_by_count_scopus,cited_by_count_crossref,cited_by_count_pubmed,tweets,facebook,news,blogs,reference_count_wikipedia,comment_count_reddit,mention_qa_site_mentions
10.1038/nature.2016.21227,0,0,0,0,0,0,0,0,0,0,0,0,0,0,0,0,0
10.1038/nature.2016.21215,0,0,0,0,0,1,0,0,0,0,0,0,0,1,0,0,0
10.1038/nature.2016.21190,0,0,0,0,0,5,0,0,0,0,0,0,0,0,1,0,0
10.1038/nature.2016.21225,0,0,0,0,0,0,0,0,0,0,0,0,0,0,0,0,0
10.1038/nature.2016.21216,0,0,0,0,0,46,0,0,0,0,0,0,0,0,0,0,0
10.1038/nature.2016.21218,0,0,0,0,0,1,0,0,0,0,0,0,0,0,0,0,0
10.1038/nature.2016.21093,0,0,0,0,0,5,0,0,0,0,0,0,0,0,0,0,0
10.1038/nature.2016.21206,0,0,0,0,0,0,0,0,0,0,0,0,1,0,0,0,0
10.1038/nature.2016.21193,0,0,0,0,0,2,0,0,0,0,0,0,0,0,1,0,0
10.1038/nature.2016.21192,0,0,0,0,0,8,0,0,0,0,0,0,0,0,0,0,0
10.1038/nature.2016.21191,0,0,0,0,0,0,0,0,0,0,0,0,0,0,0,0,0
10.1038/nature.2016.21187,0,0,0,0,0,0,0,0,0,0,0,0,0,0,0,0,0
10.1038/nature.2016.21185,0,0,0,0,0,0,0,0,0,0,0,0,0,0,0,0,0
10.1038/nature.2016.21184,0,0,0,0,0,0,0,0,0,0,0,0,0,0,0,0,0
10.1038/nature.2016.21165,0,0,0,0,0,2,0,0,0,0,0,0,0,0,0,0,0
10.1038/nature.2016.21162,0,0,0,0,0,0,0,0,0,0,0,0,0,0,0,0,0
10.1038/nature.2016.21182,0,0,0,0,0,0,0,0,0,0,0,0,0,0,0,0,0
10.1038/nature.2016.21181,0,0,0,0,0,0,0,0,0,0,0,0,0,0,0,0,0
10.1038/nature.2016.21180,0,0,0,0,0,0,0,0,0,0,0,0,0,0,0,0,0
10.1038/nature.2016.21166,0,0,0,0,0,1,0,0,0,0,0,0,0,0,0,0,0
10.1038/nature.2016.21140,0,0,0,0,0,1,0,0,0,0,0,0,0,0,0,0,0
10.1038/nature.2016.21163,0,0,0,0,0,2,0,0,0,0,0,0,0,0,0,0,0
10.1038/nature.2016.21158,0,0,0,0,0,1,0,0,0,0,0,0,0,0,0,0,0
10.1038/nature.2016.21144,0,0,0,0,0,0,0,0,0,0,0,0,0,0,0,0,0
10.1038/nature.2016.21160,0,0,0,0,0,0,0,0,0,0,0,0,0,0,0,0,0
10.1038/nature.2016.21155,0,0,0,0,0,0,0,0,0,0,0,0,0,0,0,0,0
10.1038/nature.2016.21153,0,0,0,0,0,1,0,0,0,0,0,0,0,0,0,0,0
10.1038/nature.2016.21130,0,0,2276,0,0,3,0,0,0,0,673,1974,1,2,0,0,0
10.1038/nature.2016.21142,0,0,606,0,0,2,2,0,0,0,414,1037,0,0,0,0,0
10.1038/nature.2016.21135,0,0,1965,0,0,9,1,0,0,0,1016,12868,40,3,2,0,2
10.1038/nature.2016.21133,0,0,0,0,0,2,0,0,0,0,0,0,0,0,0,0,0
10.1038/nature.2016.21128,0,0,0,0,0,0,0,0,0,0,0,0,0,0,1,0,0
10.1038/nature.2016.21127,0,0,0,0,0,0,0,0,0,0,0,0,0,0,0,0,0
10.1038/nature.2016.21112,0,0,0,0,0,0,0,0,0,0,0,0,0,0,0,0,0
10.1038/nature.2016.21098,0,0,0,0,0,2,0,0,0,0,0,0,0,0,0,0,0
10.1038/nature.2016.21092,0,0,0,0,0,5,0,0,0,0,0,0,1,0,0,0,0
10.1038/nature.2016.21102,0,0,0,0,0,1,0,0,0,0,0,0,0,0,0,0,0
10.1038/nature.2016.21097,0,0,0,0,0,0,0,0,0,0,0,0,0,0,0,0,0
10.1038/nature.2016.21095,0,0,0,0,0,0,0,0,0,0,0,0,0,0,0,0,0
10.1038/nature.2016.21087,0,0,0,0,0,0,0,0,0,0,0,0,0,0,0,0,0
10.1038/nature.2016.21056,0,0,0,0,0,0,0,0,0,0,0,0,0,0,0,0,0
10.1038/nature.2016.21088,0,0,0,0,0,0,0,0,0,0,0,0,0,0,0,0,0
10.1038/nature.2016.21075,0,0,0,0,0,0,0,0,0,0,0,0,0,0,0,0,0
10.1038/nature20560,28,0,14,3,2,148,0,0,0,0,18,0,1,0,0,0,0
10.1038/nature20591,20,0,1,8,0,237,0,0,0,0,76,0,0,1,0,0,0
10.1038/nature20568,22,0,31,5,0,300,3,0,0,0,17,0,1,0,0,0,0
10.1038/nature20120,41,0,3,2,0,46,0,0,0,0,490,0,27,3,3,0,0
10.1038/nature20586,36,0,9,2,0,27,0,0,0,0,67,0,9,2,1,0,0
10.1038/nature20155,5,0,2,2,0,57,0,0,0,0,3,0,0,0,0,0,0
10.1038/nature20587,157,0,169,126,9,1225,0,0,0,0,446,0,21,10,1,0,1
10.1038/nature20569,13,0,0,1,0,189,0,0,0,0,21,0,1,0,0,0,0
10.1038/nature20603,38,0,25,6,0,381,1,0,0,0,56,0,4,0,0,0,0
10.1038/nature21002,35,0,0,28,0,215,0,0,0,0,2,408,0,0,0,0,0
10.1038/nature20596,53,0,341,11,1,231,3,0,0,0,177,0,2,0,0,0,0
10.1038/nature20119,31,0,132,4,0,134,0,0,0,0,28,0,0,1,0,0,0
10.1038/nature20605,24,0,254,1,0,371,1,0,0,0,38,0,2,0,0,0,0
10.1038/nature20592,153,0,32,57,2,509,3,0,0,0,210,0,4,2,0,0,0
10.1038/nature20588,172,0,18,73,8,1632,0,0,0,0,366,189,16,4,0,0,0
10.1038/nature20573,101,0,15,25,1,432,0,0,0,0,53,0,2,1,0,0,0
10.1038/nature20557,40,0,2,8,0,483,3,0,0,0,95,0,4,0,1,0,0
10.1038/nature20576,8,0,1,0,4,238,0,0,0,0,160,0,0,0,0,0,0
10.1038/nature20597,50,0,110,24,0,148,1,0,0,0,29,0,1,0,0,0,0
10.1038/nature20607,13,0,43,5,0,209,0,0,0,0,98,0,1,0,0,0,0
10.1038/nature20561,14,0,340,1,0,108,0,0,0,0,39,0,1,0,0,0,0
10.1038/nature20578,39,0,69,1,0,254,3,0,0,0,57,0,3,0,0,0,0
10.1038/nature20796,108,0,490,48,10,623,3,0,0,0,236,0,15,1,0,0,0
10.1038/nature20565,296,0,107,58,1,5962,8,0,0,0,672,5,9,5,1,1,0
10.1038/nature20559,55,0,9,5,0,213,2,0,0,0,37,0,0,0,0,0,0
10.1038/nature20602,33,0,48,6,0,602,2,0,0,0,9,0,0,0,0,0,0
10.1038/nature20571,27,0,70,9,0,197,2,0,0,0,92,4,2,0,0,0,0
10.1038/nature20606,33,0,51,1,4,148,1,0,0,0,67,0,2,0,0,0,0
10.1038/nature20555,48,0,3,2,0,322,0,0,0,0,15,0,3,0,0,0,0
10.1038/nature20160,11,0,4,1,0,124,1,0,0,0,27,0,2,1,0,0,0
10.1038/nature20169,35,0,214,12,0,566,0,0,0,0,55,0,1,0,0,0,0
10.1038/nature20116,63,0,13,32,0,111,1,0,0,0,29,0,2,0,1,0,0
10.1038/nature20156,41,0,2,5,1,362,0,0,0,0,2,0,2,0,0,0,0
10.1038/nature20154,11,0,5,1,0,98,0,0,0,0,24,0,1,2,0,0,0
10.1038/nature20139,61,0,9,25,2,448,1,0,0,0,26,0,1,0,1,0,0
10.1038/nature20566,25,0,2,3,0,174,2,0,0,0,11,0,0,0,0,0,0
10.1038/nature20584,65,0,92,56,3,2398,5,0,0,0,337,3,15,0,0,0,1
10.1038/nature21004,52,0,18,15,0,657,1,0,0,0,14,0,0,0,0,0,0
10.1038/nature20165,917,0,15,8,0,520,0,0,0,0,12,0,1,0,2,0,0
10.1038/nature20151,27,0,9,0,0,316,1,0,0,0,149,22,2,0,3,0,0
10.1038/nature20612,44,0,31,37,4,448,4,0,0,0,80,0,4,3,0,0,0
10.1038/nature20158,16,0,23,5,0,493,3,0,0,0,37,0,0,0,0,0,0
10.1038/nature20556,22,0,456,14,0,560,0,0,0,0,131,0,7,2,0,0,1
10.1038/nature20167,31,0,357,19,0,914,1,0,0,0,570,1,4,0,1,0,0
10.1038/nature21005,29,0,29,19,0,373,0,0,0,0,22,0,0,0,0,0,0
10.1038/nature20583,102,0,35,4,2,201,0,0,0,0,18,0,3,0,0,0,0
10.1038/nature20146,66,0,17,11,0,384,1,0,0,0,103,0,13,1,0,0,0
10.1038/nature21003,45,0,51,29,0,884,0,0,0,0,9,0,1,0,1,0,0
10.1038/nature20614,16,0,15,0,0,152,1,0,0,0,18,0,1,0,0,0,0
10.1038/nature21001,75,0,0,49,23,728,1,0,0,0,9,0,0,0,0,0,0
10.1038/nature20148,100,0,0,6,3,97,0,0,0,0,525,0,29,6,1,0,0
10.1038/nature20570,28,0,9,2,0,37,0,0,0,0,4,0,1,0,0,0,0
10.1038/nature20590,11,0,18,3,0,119,3,0,0,0,39,0,0,0,0,0,0
10.1038/nature19337,32,0,11,3,0,42,0,0,0,0,45,0,5,0,2,0,0
10.1038/nature20595,92,0,104,26,2,1003,0,0,0,0,296,829,3,3,4,350,0
10.1038/nature20771,12,0,373,5,1,216,0,0,0,0,53,0,1,0,0,0,0
10.1038/nature20567,15,0,42,1,0,230,4,0,0,0,10,0,0,0,0,0,0
10.1038/nature20150,442,0,389,93,5,2801,0,0,0,0,631,0,21,13,2,13,0
10.1038/nature19853,7,0,33,3,0,114,2,0,0,0,23,0,7,0,0,0,1
10.1038/nature20577,34,0,19,10,0,479,2,0,0,0,29,0,1,0,0,0,0
10.1038/nature20161,82,0,10,4,1,685,1,0,0,0,132,10,5,2,1,0,0
10.1038/nature20598,44,0,39,18,7,760,3,0,0,0,89,0,3,1,0,0,0
10.1038/nature20785,54,0,10,20,0,1055,5,0,0,0,151,0,20,0,0,0,0
10.1038/nature20563,245,0,67,10,0,639,1,0,0,0,433,0,4,1,2,0,0
10.1038/nature20564,30,0,331,12,0,590,2,0,0,0,97,591,3,2,1,0,0
10.1038/nature20609,43,0,12,14,1,0,2,0,0,0,62,0,24,0,0,0,0
10.1038/nature20572,9,0,32,5,0,224,0,0,0,0,28,0,0,0,0,0,0
10.1038/nature20613,11,0,50,11,2,522,1,0,0,0,32,0,0,0,1,1,0
10.1038/nature20575,78,0,17,4,17,842,2,0,0,0,210,0,4,0,0,0,0
10.1038/nature20600,4,0,69,1,0,38,0,0,0,0,14,0,1,1,0,0,0
10.1038/nature20593,54,0,18,23,1,104,1,0,0,0,54,0,2,0,3,0,0
10.1038/nature20147,61,0,54,18,0,139,0,0,0,0,39,0,2,0,0,0,0
10.1038/nature20558,20,0,2,1,0,355,3,0,0,0,8,0,3,0,0,0,0
10.1038/540033a,15,0,621,0,0,83,0,0,0,0,288,308,3,0,0,0,0
10.1038/540345a,5,0,0,6,0,44,0,0,0,0,10,0,0,0,0,0,0
10.1038/nature.2016.21101,25,0,2825,9,0,14,0,0,0,0,301,2338,0,1,0,11,0
10.1038/540151a,6,0,355,1,0,5,0,0,0,0,233,153,0,2,1,0,0
10.1038/540488a,28,0,5,2,0,0,0,0,0,0,0,0,0,0,0,0,0
10.1038/540496a,6,0,2,2,0,0,0,0,0,0,0,0,0,0,1,0,0
10.1038/540030a,34,0,680,0,2,373,0,0,0,0,512,562,4,2,0,0,0
10.1038/540484b,2,0,254,1,0,0,0,0,0,0,83,70,0,0,0,0,0
10.1038/540335a,7,0,370,0,0,53,0,0,0,0,124,240,0,0,0,1,0
10.1038/540207a,19,0,235,14,1,171,2,0,0,0,76,0,0,0,0,0,0
10.1038/540342a,9,0,1,0,0,0,0,0,0,0,14,17,1,0,0,0,0
10.1038/nature20489,16,0,31,11,0,60,0,0,0,0,28,1,0,0,0,0,0
10.1038/540022a,17,0,481,5,1,7,0,0,0,0,169,526,2,1,0,0,0
10.1038/540204a,10,0,24,5,1,27,0,0,0,0,66,1219,0,0,0,0,0
10.1038/540485a,8,0,4,3,0,0,0,0,0,0,7,0,0,0,0,0,0
10.1038/540s7a,15,0,30,4,35,39,0,0,0,0,65,254,0,0,0,0,0
10.1038/540s55a,29,0,5,14,0,25,0,0,0,0,76,0,0,0,0,0,0
10.1038/540520a,1,0,984,0,2,103,0,0,0,0,509,286,0,0,1,0,0
10.1038/nature20484,28,0,19,11,1,26,0,0,0,0,24,0,0,0,0,0,0
10.1038/nature.2016.21139,10,0,0,1,0,8,0,0,0,0,168,0,0,0,0,0,0
10.1038/540045a,8,0,500,3,0,10,0,0,0,0,110,386,1,0,0,0,0
10.1038/540317a,40,0,1727,14,0,16,0,0,0,0,1067,3252,0,1,0,12,0
10.1038/540s100a,16,0,0,9,1,20,0,0,0,0,31,0,0,0,0,0,0
10.1038/nature20482,9,0,29,4,0,63,0,0,0,0,16,718,0,0,0,0,0
10.1038/540328a,23,0,875,7,0,21,1,0,0,0,390,951,46,0,0,0,0
10.1038/540027a,11,0,13,6,0,33,0,0,0,0,182,0,0,0,0,0,0
10.1038/540047a,3,0,0,1,0,24,0,0,0,0,26,0,0,0,1,0,0
10.1038/540315b,52,0,523,36,1,0,0,0,0,0,373,535,0,1,0,0,0
10.1038/540316a,30,0,7,3,1,0,0,0,0,0,125,17,0,0,0,0,0
10.1038/540315a,22,0,3004,6,3,0,0,0,0,0,669,4005,0,0,0,0,0
10.1038/540330a,54,0,10191,34,1,22,0,0,0,0,3747,28112,12,8,1,35,0
10.1038/540s113a,1,0,4,0,0,14,0,0,0,0,43,0,0,0,0,0,0
10.1038/540s13a,15,0,108,6,18,28,0,0,0,0,58,119,1,0,0,0,0
10.1038/540s98a,1,0,289,0,0,71,0,0,0,0,180,77,0,0,0,0,0
10.1038/540018a,3,0,231,0,0,0,0,0,0,0,230,279,13,2,0,0,0
10.1038/540320a,24,0,12,2,1,0,0,0,0,0,0,0,0,0,0,0,0
10.1038/nature.2016.21131,9,0,91,2,1,95,0,0,0,0,961,681,0,3,2,0,0
10.1038/540208a,10,0,25,3,0,41,0,0,0,0,57,0,1,1,1,0,0
10.1038/nature20144,10,0,0,0,1,0,0,0,0,0,3,0,0,0,0,0,0
10.1038/nature.2016.21023,19,0,683,2,1,13,0,0,0,0,331,2046,22,1,2,0,0
10.1038/540007b,52,0,83,18,3,0,0,0,0,0,431,540,0,6,0,0,0
10.1038/540153a,12,0,14,4,1,487,1,0,0,0,386,0,0,0,0,0,0
10.1038/540s60a,17,0,834,9,0,45,0,0,0,0,118,860,0,0,0,0,0
10.1038/540491a,5,0,7,4,0,7,0,0,0,0,0,0,0,0,0,0,0
10.1038/540323a,22,0,236,8,0,6,0,0,0,0,134,66,0,0,0,0,0
10.1038/540s4a,37,0,60,14,1,33,0,0,0,0,46,40,0,0,0,0,0
10.1038/nature.2016.21183,3,0,45,0,0,0,0,0,0,0,128,167,0,0,0,0,0
10.1038/540019a,13,0,1335,2,0,19,0,0,0,0,279,1599,0,0,0,0,0
10.1038/nature20483,17,0,35,14,0,11,0,0,0,0,72,863,0,0,0,0,0
10.1038/540517a,6,0,916,4,0,99,1,0,0,0,619,1175,1,2,0,0,0
10.1038/nature20106,10,0,0,3,0,0,0,0,0,0,2,0,0,0,0,0,0
10.1038/nature20163,3,0,0,0,0,2,0,0,0,0,3,0,0,0,0,0,0
10.1038/nature.2016.21134,4,0,3,4,0,0,0,0,0,0,0,0,0,0,0,0,0
10.1038/540s58a,7,0,0,2,0,31,0,0,0,0,81,0,0,0,0,0,0
10.1038/nature19851,22,0,0,0,0,6,0,0,0,0,2,0,0,0,0,0,0
10.1038/540534a,2,0,1,0,0,60,0,0,0,0,19,0,0,0,0,0,0
10.1038/nature.2016.21045,41,0,1465,2,7,0,0,0,0,0,402,1536,2,1,0,0,0
10.1038/540492a,13,0,646,2,0,3,0,0,0,0,179,336,0,4,0,0,0
10.1038/540012a,8,0,15,2,0,0,0,0,0,0,0,0,0,0,0,0,0
10.1038/540s109a,18,0,2674,6,1,142,0,0,0,0,127,0,0,0,0,0,0
10.1038/540s63a,4,0,0,0,0,18,0,0,0,0,51,0,0,0,0,0,0
10.1038/nature21102,2,0,0,1,0,15,0,0,0,0,94,0,0,0,0,0,0
10.1038/nature21100,42,0,33,19,1,95,1,0,0,0,56,0,0,0,0,0,0
10.1038/540s2a,9,0,0,8,2,35,0,0,0,0,70,11,0,0,0,0,0
10.1038/nature20486,28,0,46,17,0,53,1,0,0,0,50,708,0,0,0,0,0
10.1038/540s103a,2,0,0,0,0,9,0,0,0,0,35,0,0,0,0,0,0
10.1038/nature20487,1,0,47,0,0,15,0,0,0,0,26,0,0,0,0,0,0
10.1038/540009a,135,0,1926,93,1,125,3,0,0,0,1180,3979,16,5,0,0,0
10.1038/nature20108,5,0,0,0,0,0,0,0,0,0,2,3,1,0,0,0,0
10.1038/540008a,33,0,36,19,2,0,0,0,0,0,399,0,0,0,0,0,0
10.1038/540507a,15,0,3,4,0,1,0,0,0,0,0,0,1,0,12,0,0
10.1038/nature20107,9,0,0,2,0,0,0,0,0,0,1,0,0,0,0,0,0
10.1038/540s10a,4,0,0,2,1,21,0,0,0,0,29,0,0,0,0,0,0
10.1038/nature.2016.21038,13,0,6,1,0,2,0,0,0,0,230,270,0,0,0,0,0
10.1038/nature20481,8,0,30,1,0,21,0,0,0,0,22,0,0,0,0,0,0
10.1038/540s104a,19,0,0,8,0,18,0,0,0,0,57,0,0,0,0,0,0
10.1038/540040a,8,0,30,1,0,0,0,0,0,0,34,0,0,0,0,0,0
10.1038/540614a,1,0,1,0,0,0,0,0,0,0,8,20,0,0,0,0,0
10.1038/nature20479,3,0,11,0,0,26,0,0,0,0,26,0,0,0,0,0,0
10.1038/540536a,0,0,0,0,0,0,0,0,0,0,23,0,0,0,0,0,0
10.1038/nature20480,7,0,30,1,0,14,0,0,0,0,34,0,0,0,0,0,0
10.1038/nature20488,7,0,36,2,0,79,0,0,0,0,30,0,0,0,0,0,0
10.1038/nature.2016.21129,32,0,441,11,0,10,0,0,0,0,156,297,1,1,0,0,0
10.1038/540s50a,83,0,0,8,0,16,0,0,0,0,78,0,0,0,0,0,0
10.1038/540484a,2,0,16,0,0,0,0,0,0,0,47,22,1,0,0,0,0
10.1038/nature20143,2,0,0,0,0,0,0,0,0,0,4,0,0,0,0,0,0
10.1038/540s11a,15,0,5,3,1,8,0,0,0,0,67,8,1,1,0,0,0
10.1038/540042a,37,0,5,13,0,1,0,0,0,0,30,0,0,0,0,0,0
10.1038/540483a,1,0,392,0,0,0,0,0,0,0,136,87,0,1,0,0,0
10.1038/540202a,8,0,30,1,0,16,0,0,0,0,44,0,0,0,0,0,0
10.1038/nature21104,7,0,3,7,0,130,0,0,0,0,74,0,0,0,0,0,0
10.1038/540205a,7,0,25,2,0,6,0,0,0,0,14,0,0,0,0,0,0
10.1038/540500a,10,0,5,1,0,0,0,0,0,0,0,6581,0,0,1,0,0
10.1038/540s106a,2,0,57,0,0,38,0,0,0,0,111,8,0,0,0,0,0
10.1038/540522a,13,0,20,7,0,42,0,0,0,0,233,0,0,0,2,0,0
10.1038/540007a,78,0,648,42,1,5,0,0,0,0,362,1252,0,1,0,0,0
10.1038/540s56a,15,0,0,6,0,54,0,0,0,0,159,0,0,0,0,0,0
10.1038/540s52a,9,0,38,3,0,35,0,0,0,0,187,0,0,0,0,0,0
10.1038/540529a,5,0,1,0,0,55,0,0,0,0,31,0,0,0,0,0,0
10.1038/nature20485,9,0,22,5,0,27,0,0,0,0,28,0,1,0,0,0,0
10.1038/540017a,8,0,30,0,0,6,0,0,0,0,86,264,0,0,0,0,0
10.1038/540486d,1,0,0,0,0,0,0,0,0,0,8,0,0,0,0,0,0
10.1038/540038a,3,0,0,0,0,20,1,0,0,0,33,0,1,0,0,0,0
10.1038/540525a,215,0,80,135,8,162,0,0,0,0,46,0,10,0,0,0,0
10.1038/540010c,4,0,0,2,0,0,0,0,0,0,18,0,0,0,0,0,0
10.1038/540172d,89,0,1,11,0,0,0,0,0,0,10,0,0,0,0,0,0
10.1038/nature19838,4,0,8,0,0,0,0,0,0,0,26,0,0,0,0,0,0
10.1038/540486c,0,0,0,0,0,0,0,0,0,0,1,0,0,0,0,0,0
10.1038/nature20580,17,0,6,0,0,24,0,0,0,0,13,0,0,0,0,0,0
10.1038/540199a,10,0,3,1,0,20,0,0,0,0,10,42,0,0,0,0,0
10.1038/540011c,2,0,0,0,0,0,0,0,0,0,6,0,0,0,0,0,0
10.1038/540199c,32,0,16,6,0,18,0,0,0,0,66,0,0,1,0,0,0
10.1038/nature21108,0,0,0,0,0,4,0,0,0,0,9,0,0,0,0,0,0
10.1038/540172c,3,0,0,0,0,0,0,0,0,0,7,0,1,0,0,0,0
10.1038/540173e,2,0,0,2,1,0,0,0,0,0,7,0,0,0,0,0,0
10.1038/540011b,2,0,3,0,0,0,0,0,0,0,18,0,0,0,0,0,0
10.1038/540173b,27,0,0,9,0,0,0,0,0,0,8,0,0,0,0,0,0
10.1038/540038c,10,0,6,5,0,6,0,0,0,0,6,0,0,0,0,0,0
10.1038/nature20172,16,0,5,0,0,0,2,0,0,0,8,0,0,0,0,0,0
10.1038/540319b,24,0,8,5,1,0,0,0,0,0,21,44,0,0,0,0,0
10.1038/540011d,7,0,0,1,0,0,0,0,0,0,7,0,1,0,0,0,0
10.1038/540199d,123,0,3,0,0,0,0,0,0,0,8,0,0,0,0,0,0
10.1038/540487a,1,0,0,1,0,0,0,0,0,0,11,0,0,0,0,0,0
10.1038/540209a,1,0,0,1,0,0,0,0,0,0,4,0,0,0,0,0,0
10.1038/540010e,6,0,0,0,0,2,0,0,0,0,16,0,1,0,0,0,0
10.1038/540487d,2,0,3,2,0,0,0,0,0,0,10,0,3,0,0,0,0
10.1038/540s97a,6,0,0,8,0,0,0,0,0,0,20,11,0,0,0,0,0
10.1038/540487b,0,0,0,0,0,0,0,0,0,0,16,0,0,0,0,0,0
10.1038/540039b,3,0,0,1,0,8,0,0,0,0,14,7,1,0,0,0,0
10.1038/540173a,2,0,0,1,0,0,0,0,0,0,10,0,0,0,0,0,0
10.1038/540010b,2,0,0,0,0,0,0,0,0,0,7,0,0,0,0,0,0
10.1038/540s1a,22,0,0,15,3,0,0,0,0,0,29,7,0,0,0,0,0
10.1038/540038d,10,0,0,3,0,4,0,0,0,0,6,0,0,0,0,0,0
10.1038/nature20171,4,0,6,2,0,32,0,0,0,0,20,0,0,0,0,0,0
10.1038/540173d,1,0,1,0,0,0,0,0,0,0,13,0,0,0,0,0,0
10.1038/540011e,16,0,0,1,0,0,0,0,0,0,13,0,0,0,0,0,0
10.1038/nature20579,11,0,0,4,0,0,0,0,0,0,3,0,1,0,0,0,0
10.1038/540525d,5,0,24,2,0,5,0,0,0,0,77,30,0,1,0,0,0
10.1038/540525e,8,0,1,1,0,11,0,0,0,0,20,0,0,0,0,0,0
10.1038/540487e,0,0,0,0,0,0,0,0,0,0,9,0,0,0,0,0,0
10.1038/540039c,35,0,3,7,0,4,0,0,0,0,7,1,0,0,0,0,0
10.1038/540010a,4,0,0,2,0,0,0,0,0,0,10,0,0,0,0,0,0
10.1038/540341b,5,0,11,3,0,0,0,0,0,0,19,65,0,0,0,0,0
10.1038/540199e,9,0,4,1,0,1,0,0,0,0,7,55,0,0,0,0,0
10.1038/540318c,3,0,0,0,0,0,0,0,0,0,8,0,0,0,0,0,0
10.1038/540341a,3,0,3,0,0,10,0,0,0,0,27,0,0,0,0,0,0
10.1038/540341c,12,0,11,10,0,6,0,0,0,0,18,4,0,0,0,0,0
10.1038/540s49a,7,0,0,0,0,0,0,0,0,0,30,0,0,0,0,0,0
10.1038/540486b,2,0,0,1,0,0,0,0,0,0,16,0,0,0,0,0,0
10.1038/540487c,6,0,0,0,0,0,0,0,0,0,10,0,0,0,0,0,0
10.1038/540341e,10,0,7,6,0,16,0,0,0,0,12,2,0,0,0,0,0
10.1038/540318a,13,0,0,4,0,0,0,0,0,0,16,0,0,0,0,0,0
10.1038/540010d,34,0,0,42,0,0,0,0,0,0,12,0,0,0,0,0,0
10.1038/540525c,0,0,5,0,0,12,0,0,0,0,22,11,0,0,0,0,0
10.1038/540319c,1,0,0,0,0,0,0,0,0,0,3,0,0,0,0,0,0
10.1038/540530a,1,0,0,0,0,0,0,0,0,0,4,0,0,0,0,0,0
10.1038/nature19839,2,0,6,0,0,0,2,0,0,0,26,0,0,0,0,0,0
10.1038/540172a,13,0,0,3,0,0,0,0,0,0,23,0,0,0,2,0,0
10.1038/540038b,6,0,2,1,0,6,0,0,0,0,14,1,0,0,0,0,0
10.1038/540353a,5,0,0,0,0,0,0,0,0,0,7,0,0,0,0,0,0
10.1038/540011a,2,0,0,0,0,0,0,0,0,0,6,0,0,0,0,0,0
10.1038/540039e,17,0,1,9,0,0,0,0,0,0,8,0,0,0,0,0,0
10.1038/540039a,4,0,1,1,0,1,0,0,0,0,6,27,1,0,0,0,0
10.1038/540318d,3,0,0,1,0,0,0,0,0,0,7,0,0,0,0,0,0
10.1038/540039d,97,0,22,53,3,0,0,0,0,0,13,1,1,0,0,0,0
10.1038/540319d,6,0,0,9,0,23,0,0,0,0,14,0,1,0,0,0,0
10.1038/540173c,8,0,0,1,0,0,0,0,0,0,8,0,0,0,0,0,0
10.1038/540318b,3,0,0,2,0,0,0,0,0,0,13,12,0,0,0,0,0
10.1038/540319e,3,0,0,1,0,0,0,0,0,0,13,0,0,0,0,0,0
10.1038/540487f,0,0,0,0,0,0,0,0,0,0,11,0,0,0,0,0,0
10.1038/540319a,2,0,0,1,0,0,0,0,0,0,8,0,0,0,0,0,0
10.1038/540199b,7,0,16,0,0,2,0,0,0,0,5,2,1,0,0,0,0
10.1038/540341d,2,0,0,2,0,7,0,0,0,0,9,9,0,0,0,0,0
10.1038/540172b,2,0,0,0,0,0,0,0,0,0,4,0,0,0,0,0,0
10.1038/nature20778,4,0,3,2,0,85,0,0,0,0,6,0,0,0,0,0,0
10.1038/540319f,2,0,0,0,0,0,0,0,0,0,15,0,0,0,0,0,0
10.1038/540486a,0,0,0,0,0,0,0,0,0,0,17,0,0,0,0,0,0
10.1038/540525b,23,0,4,16,0,9,0,0,0,0,41,12,0,0,0,0,0
10.1038/nature20581,4,0,5,0,0,0,2,0,0,0,11,0,0,0,0,0,0
10.1038/540192a,6,0,461,5,0,109,0,0,0,0,282,589,2,1,1,0,0
10.1038/540523a,2,0,0,3,0,0,0,0,0,0,18,0,0,0,0,0,0
10.1038/nj7633-473a,0,0,0,0,0,0,0,0,0,0,15,0,0,1,0,0,0
10.1038/540180a,0,0,1,0,0,1,0,0,0,0,0,0,0,0,0,0,0
10.1038/nj7633-471a,0,0,1136,0,0,57,1,0,0,0,191,142,0,0,0,0,0
10.1038/nature.2016.21084,0,0,3,0,0,0,0,0,0,0,0,0,0,0,0,0,0
10.1038/540476a,1,0,8,0,0,0,0,0,0,0,12,0,0,0,0,0,0
10.1038/540184a,1,0,2676,0,0,7,0,0,0,0,281,2010,40,1,0,0,0
10.1038/nj7632-305a,0,0,395,0,0,1,0,0,0,0,180,93,0,0,0,0,0
10.1038/nature.2016.21091,1,0,4,1,0,1,0,0,0,0,0,0,0,0,0,0,0
10.1038/540182a,0,0,2,0,0,19,0,0,0,0,0,1071,0,0,0,0,0
10.1038/540338a,0,0,3,0,0,0,0,0,0,0,65,0,0,0,0,0,0
10.1038/540037a,4,0,0,0,0,0,0,0,0,0,79,0,0,0,0,0,0
10.1038/540171a,0,0,9162,0,0,81,2,0,0,0,1987,21497,1,1,1,0,0
10.1038/540169b,0,0,0,0,0,0,0,0,0,0,3,0,0,0,0,0,0
10.1038/540035a,21,0,120,1,0,5,0,0,0,0,216,107,11,0,0,0,0
10.1038/nj7631-159b,0,0,0,0,0,0,0,0,0,0,8,0,0,0,0,0,0
10.1038/540174a,0,0,7,0,0,0,0,0,0,0,0,0,0,0,0,0,0
10.1038/540308a,14,0,1,2,0,1,0,0,0,0,24,0,0,0,0,0,0
10.1038/540162a,1,0,3,0,0,0,0,0,0,0,11,0,0,0,0,0,0
10.1038/540340a,14,0,3,8,1,17,0,0,0,0,185,0,0,0,1,0,0
10.1038/540178a,2,0,1,2,0,0,0,0,0,0,0,0,1,0,0,0,0
10.1038/nj7634-611a,0,0,341,0,0,7,1,0,0,0,448,54,0,0,0,0,0
10.1038/540194a,27,0,1,0,0,0,0,0,0,0,333,0,0,0,0,0,0
10.1038/540183a,0,0,0,0,0,0,0,0,0,0,0,0,0,0,0,0,0
10.1038/540189a,3,0,1,2,0,107,0,0,0,0,564,0,0,0,0,0,0
10.1038/540339a,3,0,0,5,0,6,0,0,0,0,161,89,0,0,0,0,0
10.1038/nj7632-306a,0,0,0,0,0,0,0,0,0,0,4,0,0,0,0,0,0
10.1038/nature.2016.21083,0,0,0,0,0,54,0,0,0,0,0,0,0,0,0,0,0
10.1038/540170a,0,0,1,0,0,0,0,0,0,0,3,0,0,0,0,0,0
10.1038/nj7631-157a,0,0,401,0,0,6,0,0,0,0,350,80,0,0,0,0,0
10.1038/540169a,0,0,0,0,0,0,0,0,0,0,0,0,0,0,0,0,0
10.1038/nj7631-159a,0,0,1,0,0,0,0,0,0,0,16,4,0,0,0,0,0
10.1038/nj0503,0,0,0,0,0,0,0,0,0,0,3,0,0,0,0,0,0
10.1038/nature.2016.21074,0,0,0,0,0,0,0,0,0,0,0,0,0,0,1,0,0
10.1038/nature.2016.21067,0,0,0,0,0,3,0,0,0,0,0,0,0,0,0,0,0
10.1038/nature.2016.21032,0,0,0,0,0,2,0,0,0,0,0,0,0,0,0,0,0
10.1038/nature.2016.21066,0,0,0,0,0,2,0,0,0,0,0,0,0,0,0,0,0
10.1038/nature.2016.21064,0,0,0,0,0,0,0,0,0,0,0,0,0,0,0,0,0
10.1038/nature.2016.21037,0,0,0,0,0,4,0,0,0,0,0,0,0,0,0,0,0
10.1038/nj0501,0,0,0,0,0,0,0,0,0,0,0,0,0,0,0,0,0
10.1038/nj0499,0,0,0,0,0,0,0,0,0,0,4,0,0,0,0,0,0
10.1038/nj0498,0,0,0,0,0,4,0,0,0,0,137,0,0,0,0,0,0
10.1038/nature.2016.21031,0,0,600,0,0,0,1,0,0,0,351,476,0,1,0,0,0
10.1038/nature.2016.21020,0,0,0,0,0,3,0,0,0,0,0,0,0,0,0,0,0
10.1038/nature.2016.21022,0,0,0,0,0,0,0,0,0,0,0,0,0,0,0,0,0
10.1038/nature.2016.21015,0,0,15,0,0,0,2,0,0,0,336,0,0,1,0,0,0
10.1038/nature.2016.21013,0,0,0,0,0,2,0,0,0,0,0,0,0,0,0,0,0
10.1038/nature.2016.20995,0,0,0,0,0,0,0,0,0,0,0,0,0,0,0,0,0
10.1038/nature.2016.20993,0,0,0,0,0,1,0,0,0,0,0,0,0,0,0,0,0
10.1038/nj0497,0,0,0,0,0,0,0,0,0,0,1,0,0,0,0,0,0
10.1038/nature.2016.20987,0,0,0,0,0,0,0,0,0,0,0,0,0,0,1,0,0
10.1038/nature.2016.20992,0,0,0,0,0,2,0,0,0,0,0,0,0,0,0,0,0
10.1038/nature.2016.20986,0,0,0,0,0,13,0,0,0,0,0,0,0,0,1,0,0
10.1038/nature.2016.20970,0,0,0,0,0,0,0,0,0,0,0,0,0,0,0,0,0
10.1038/nature.2016.20975,0,0,0,0,0,0,0,0,0,0,0,0,0,0,0,0,0
10.1038/nature.2016.20974,0,0,0,0,0,0,0,0,0,0,0,0,0,0,0,0,0
10.1038/nature.2016.20964,0,0,640,0,0,0,4,0,0,0,329,422,0,0,1,0,0
10.1038/nature.2016.20973,0,0,0,0,0,3,0,0,0,0,0,0,0,0,0,0,0
10.1038/nature.2016.20967,0,0,0,0,0,11,0,0,0,0,0,0,0,0,0,0,0
10.1038/nature.2016.20966,0,0,0,0,0,0,0,0,0,0,0,0,0,0,0,0,0
10.1038/nature.2016.20965,0,0,0,0,0,5,0,0,0,0,0,0,0,0,0,0,0
10.1038/nature.2016.20952,0,0,9959,0,0,0,0,0,0,0,1055,17170,3,2,0,0,0
10.1038/nature.2016.20953,0,0,0,0,0,1,0,0,0,0,0,0,0,0,0,0,0
10.1038/nature.2016.20933,0,0,0,0,0,21,0,0,0,0,0,0,0,0,0,0,0
10.1038/nature.2016.20932,0,0,0,0,0,8,0,0,0,0,0,0,0,0,0,0,0
10.1038/nature.2016.20929,0,0,0,0,0,3,0,0,0,0,0,0,0,0,2,0,0
10.1038/nature.2016.20926,0,0,0,0,0,1,0,0,0,0,0,0,0,0,0,0,0
10.1038/nature.2016.20925,0,0,0,0,0,0,0,0,0,0,0,0,0,0,1,0,0
10.1038/nature.2016.20924,0,0,0,0,0,0,0,0,0,0,0,0,0,0,0,0,0
10.1038/nature.2016.20916,0,0,0,0,0,0,0,0,0,0,0,0,0,0,1,0,0
10.1038/nature.2016.20902,0,0,0,0,0,0,0,0,0,0,0,0,0,0,0,0,0
10.1038/nature20099,18,0,68,18,2,553,0,0,0,0,137,0,2,0,0,0,0
10.1038/nature20415,41,0,7,18,0,262,1,0,0,0,11,0,0,0,0,0,0
10.1038/nature20157,14,0,5,6,0,147,1,0,0,0,6,0,2,0,0,0,0
10.1038/nature19809,30,0,64,8,3,218,0,0,0,0,145,0,7,0,1,0,0
10.1038/nature19842,8,0,10,1,0,36,1,0,0,0,30,0,1,0,0,0,0
10.1038/nature19846,36,0,6,12,0,78,0,0,0,0,69,0,7,0,0,0,1
10.1038/nature19827,293,0,651,145,6,729,3,0,0,0,521,3,10,2,5,0,0
10.1038/nature20141,26,0,5,16,0,536,2,0,0,0,47,0,0,0,0,0,0
10.1038/nature20149,32,0,506,22,0,741,2,0,0,0,92,0,0,0,0,0,0
10.1038/nature19828,18,0,2,3,1,115,2,0,0,0,123,0,1,0,0,0,0
10.1038/nature20411,59,0,6,58,4,1289,1,0,0,0,131,0,1,1,0,0,0
10.1038/nature19796,40,0,77,4,0,406,0,0,0,0,27,0,13,1,0,0,0
10.1038/nature20117,31,0,16,16,1,220,1,0,0,0,21,0,6,1,0,0,0
10.1038/nature20142,53,0,224,13,0,328,4,0,0,0,296,427,12,0,0,0,0
10.1038/nature20166,48,0,37,13,0,635,0,0,0,0,114,0,0,0,0,0,1
10.1038/nature20562,17,0,4,13,0,229,2,0,0,0,21,0,0,0,0,0,0
10.1038/nature20138,19,0,3,13,0,581,2,0,0,0,19,0,2,0,0,0,0
10.1038/nature19812,19,0,25,3,0,52,0,0,0,0,39,0,3,0,1,0,0
10.1038/nature20109,22,0,170,8,1,387,1,0,0,0,289,0,7,1,0,0,0
10.1038/nature19813,41,0,33,7,0,261,1,0,0,0,236,0,6,2,0,0,0
10.1038/nature19849,13,0,40,1,0,119,0,0,0,0,35,0,0,0,0,0,0
10.1038/nature20140,24,0,93,11,1,267,0,0,0,0,180,0,4,0,0,0,0
10.1038/nature19820,11,0,323,5,0,684,0,0,0,0,22,118,0,0,2,0,0
10.1038/nature19824,15,0,9,7,0,234,0,0,0,0,143,0,1,0,2,0,0
10.1038/nature20134,560,0,904,96,2,1359,4,0,0,0,334,0,7,1,2,0,0
10.1038/nature20104,53,0,135,50,2,1148,2,0,0,0,832,31,26,3,0,1,0
10.1038/nature19843,7,0,27,1,0,624,0,0,0,0,75,0,3,0,0,0,0
10.1038/nature20128,12,0,292,14,0,418,1,0,0,0,100,0,2,0,0,0,0
10.1038/nature20132,49,0,3,7,16,299,0,0,0,0,44,0,1,0,0,0,0
10.1038/nature20152,30,0,60,10,0,564,2,0,0,0,39,0,1,0,0,0,0
10.1038/nature20162,5,0,42,1,0,333,1,0,0,0,52,0,2,0,0,0,0
10.1038/nature19763,42,0,87,13,0,299,0,0,0,0,58,0,1,0,0,0,0
10.1038/nature19845,15,0,29,5,0,677,1,0,0,0,28,0,1,0,0,0,0
10.1038/nature20170,22,0,0,2,0,216,1,0,0,0,49,0,1,0,0,0,0
10.1038/nature19834,892,0,25,14,0,778,3,0,0,0,28,181,266,0,0,0,0
10.1038/nature20416,33,0,20,16,0,735,0,0,0,0,1,0,0,0,0,0,1
10.1038/nature20111,49,0,39,6,0,167,1,0,0,0,35,0,3,0,1,0,0
10.1038/nature19340,54,0,39,3,3,50,0,0,0,0,42,0,4,0,2,0,0
10.1038/nature20414,75,0,2,29,4,482,1,0,0,0,13,0,0,0,0,0,0
10.1038/nature20103,18,0,0,5,0,111,0,0,0,0,36,0,0,0,0,0,0
10.1038/nature20127,62,0,97,17,0,581,1,0,0,0,237,0,9,0,0,0,0
10.1038/nature19848,28,0,2,2,0,206,0,0,0,0,55,0,3,0,0,0,0
10.1038/nature20115,17,0,29,0,0,43,0,0,0,0,17,4,6,0,1,1,0
10.1038/nature20126,8,0,0,2,0,118,0,0,0,0,26,0,1,1,0,0,0
10.1038/nature20145,51,0,17,3,0,365,1,0,0,0,50,0,0,0,0,0,0
10.1038/nature20168,56,0,343,51,2,2846,0,0,0,0,123,0,4,2,0,0,0
10.1038/nature20413,62,0,61,41,4,1163,0,0,0,0,13,0,3,2,0,0,0
10.1038/nature20159,13,0,81,1,0,49,0,0,0,0,20,0,0,0,0,0,0
10.1038/nature19811,12,0,18,4,0,247,0,0,0,0,17,0,2,0,0,0,0
10.1038/nature20113,26,0,24,15,0,746,1,0,0,0,563,2,17,3,0,0,0
10.1038/nature20112,37,0,74,10,0,421,0,0,0,0,467,4,19,3,1,0,0
10.1038/nature20412,153,0,90,91,2,546,0,0,0,0,26,93,2,0,0,0,0
10.1038/nature20125,93,0,80,47,5,182,0,0,0,0,452,0,5,0,4,0,0
10.1038/nature20123,52,0,132,10,0,1563,6,0,0,0,112,0,2,0,0,0,0
10.1038/nature20133,17,0,37,6,0,431,0,0,0,0,3,0,1,0,0,0,0
10.1038/nature20102,53,0,126,9,1,951,0,0,0,0,49,0,5,0,1,0,0
10.1038/nature19795,33,0,5,6,0,293,0,0,0,0,15,0,11,0,0,0,0
10.1038/nature19819,28,0,2,2,0,388,0,0,0,0,13,0,3,1,0,0,0
10.1038/nature19825,35,0,36,2,3,78,0,0,0,0,74,0,9,2,0,0,0
10.1038/nature20118,135,0,323,85,12,1410,3,0,0,0,768,0,27,9,0,1,0
10.1038/nature20554,45,0,0,10,1,736,3,0,0,0,56,0,97,0,0,0,0
10.1038/nature20153,79,0,429,62,2,400,2,0,0,0,417,48,3,0,0,100,1
10.1038/nature20124,10,0,2,1,1,542,2,0,0,0,26,0,1,1,0,0,0
10.1038/nature20114,6,0,16,0,0,96,0,0,0,0,17,0,1,0,0,0,0
10.1038/nature20105,169,0,169,7,1,284,2,0,0,0,35,0,0,5,0,0,0
10.1038/nature19810,5,0,19,2,0,191,0,0,0,0,16,0,1,0,0,0,0
10.1038/nature19777,11,0,25,0,4,62,0,0,0,0,12,0,0,0,0,0,0
10.1038/nature20135,20,0,37,11,0,405,0,0,0,0,4,0,5,0,0,0,0
10.1038/nature20131,12,0,23,8,0,147,3,0,0,0,21,0,1,0,0,0,0
10.1038/nature20122,16,0,10,4,1,233,1,0,0,0,73,0,5,0,1,0,0
10.1038/nature20137,21,0,23,14,0,184,0,0,0,0,39,0,3,0,1,0,0
10.1038/nature20121,13,0,20,1,0,116,0,0,0,0,47,0,1,0,0,0,0
10.1038/nature19816,25,0,13,2,0,701,1,0,0,0,97,0,0,1,0,0,0
10.1038/539349a,17,0,913,7,0,70,0,0,0,0,451,1116,2,2,1,0,0
10.1038/nature.2016.20893,43,0,867,5,2,23,0,0,0,0,478,1160,1,0,0,0,0
10.1038/539358a,1,0,0,0,0,1,0,0,0,0,28,0,10,0,0,0,0
10.1038/539s6a,9,0,0,2,0,9,0,0,0,0,177,3,0,0,0,0,0
10.1038/nature.2016.20878,28,0,328,7,1,103,0,0,0,0,375,468,8,3,0,4,0
10.1038/539152a,69,0,246,24,0,16,0,0,0,0,283,539,1,1,0,0,0
10.1038/539023a,15,0,229,2,0,30,4,0,0,0,333,591,39,2,0,0,0
10.1038/539330a,1,0,43,1,0,0,0,0,0,0,186,200,0,0,0,0,0
10.1038/nature19850,24,0,1,0,0,1,0,0,0,0,3,0,0,0,0,0,0
10.1038/539010a,23,0,2,1,6,0,0,0,0,0,0,39,0,0,0,0,0
10.1038/539141a,8,0,591,5,0,67,0,0,0,0,784,3026,1,0,0,0,0
10.1038/539025a,17,0,129,1,0,15,0,0,0,0,110,109,0,0,0,0,0
10.1038/539506a,22,0,0,6,0,30,0,0,0,0,26,0,0,0,0,0,0
10.1038/539330b,92,0,9,52,0,0,0,0,0,0,196,0,0,0,0,0,0
10.1038/539s4a,1,0,0,0,0,1,0,0,0,0,0,0,0,0,0,0,0
10.1038/nature19782,1,0,0,0,0,3,0,0,0,0,1,0,1,0,0,0,0
10.1038/nature.2016.20994,36,0,1,0,0,3,0,0,0,0,259,198,0,0,0,0,0
10.1038/539170a,10,0,0,2,0,17,0,0,0,0,27,0,0,0,0,0,0
10.1038/nature20472,22,0,7,12,0,46,0,0,0,0,79,0,0,0,0,0,0
10.1038/539147a,7,0,2,5,0,0,0,0,0,0,112,218,0,0,0,0,0
10.1038/nature20476,6,0,3,1,0,49,0,0,0,0,41,0,1,0,0,0,0
10.1038/539318a,1,0,0,0,0,0,0,0,0,0,4,1,0,0,0,0,0
10.1038/539020a,8,0,402,3,0,39,0,0,0,0,492,986,35,0,0,0,0
10.1038/539475a,2,0,29,1,0,1,0,0,0,0,87,230,15,2,0,0,0
10.1038/nature20475,1,0,9,0,0,37,0,0,0,0,21,543,0,0,0,0,0
10.1038/539485a,7,0,999,0,0,0,0,0,0,0,539,988,2,2,0,7,0
10.1038/539036a,4,0,6,3,0,4,0,0,0,0,16,0,1,0,0,0,0
10.1038/nature20478,8,0,0,3,0,52,0,0,0,0,30,0,0,0,0,0,0
10.1038/539038a,3,0,3,1,0,29,1,0,0,0,68,0,1,0,0,0,0
10.1038/nature.2016.20971,78,0,107,29,3,11,0,0,0,0,313,603,2,3,0,0,0
10.1038/nature19336,5,0,0,0,0,0,0,0,0,0,2,1,0,0,0,0,0
10.1038/539346a,236,0,556,154,9,55,1,0,0,0,609,1832,10,2,0,0,0
10.1038/539499a,7,0,0,2,0,11,0,0,0,0,6,0,1,0,0,0,0
10.1038/nature.2016.20968,26,0,156,3,1,6,0,0,0,0,96,303,0,0,1,0,0
10.1038/539502a,10,0,0,2,0,24,0,0,0,0,5,0,0,0,0,0,0
10.1038/539148a,5,0,4,1,5,2,0,0,0,0,119,35,1,0,0,0,0
10.1038/539006a,16,0,46,6,1,0,0,0,0,0,322,143,0,0,0,0,0
10.1038/nature.2016.20988,484,0,49904,80,10,304,0,0,0,0,4208,62290,66,15,1,420,1
10.1038/nature.2016.21014,8,0,869,0,0,14,0,0,0,0,695,27176,0,0,0,0,0
10.1038/539s20a,12,0,1,2,0,3,0,0,0,0,19,0,0,0,0,0,0
10.1038/539150a,3,0,575,0,0,37,3,0,0,0,253,256,1,1,0,0,0
10.1038/nature19835,4,0,0,2,0,0,0,0,0,0,2,0,0,0,0,0,0
10.1038/539156a,25,0,845,7,2,147,0,0,0,0,520,841,0,3,0,0,0
10.1038/539140a,35,0,1,3,0,0,1,0,0,0,0,0,2,0,0,0,0
10.1038/539367a,7,0,0,0,2,13,0,0,0,0,21,0,1,0,0,0,0
10.1038/nature19484,5,0,75,3,0,21,0,0,0,0,23,0,0,0,0,0,0
10.1038/539488a,6,0,322,4,0,72,0,0,0,0,249,393,0,1,0,2,0
10.1038/nature20471,5,0,8,2,0,72,1,0,0,0,78,703,0,0,0,0,0
10.1038/539476a,72,0,841,28,1,4,0,0,0,0,292,921,15,1,0,0,0
10.1038/539014a,45,0,6085,7,2,10,0,0,0,0,1183,7729,1,1,0,0,0
10.1038/nature.2016.20960,54,0,1576,7,0,5,0,0,0,0,426,1861,5,0,0,0,0
10.1038/nature20477,11,0,0,2,0,54,0,0,0,0,28,0,0,0,0,0,0
10.1038/nature.2016.20997,27,0,247,0,0,2,0,0,0,0,238,619,0,1,0,0,0
10.1038/539467b,23,0,866,17,1,7,0,0,0,0,677,633,0,1,0,0,0
10.1038/539176a,4,0,0,3,0,3,0,0,0,0,26,0,0,0,0,0,0
10.1038/539126a,2,0,0,0,0,0,0,0,0,0,3,1,0,0,0,0,0
10.1038/539125a,44,0,32,21,4,16,2,0,0,0,204,259,0,0,0,0,0
10.1038/nature19805,11,0,0,9,0,0,0,0,0,0,1,0,0,0,0,0,0
10.1038/539040a,18,0,9,4,0,5,0,0,0,0,12,0,0,0,0,0,0
10.1038/539177a,22,0,0,9,1,55,0,0,0,0,71,0,1,0,0,0,0
10.1038/539468a,1,0,5,2,0,0,0,0,0,0,136,222,0,1,0,0,0
10.1038/539331a,98,0,450,17,0,21,0,0,0,0,190,181,1,0,0,0,0
10.1038/nature.2016.20969,13,0,864,10,0,13,0,0,0,0,364,427,0,6,0,0,0
10.1038/539139b,18,0,17,5,0,0,0,0,0,0,177,178,1,0,0,0,0
10.1038/539340a,32,0,1448,1,0,5,0,0,0,0,134,592,6,1,1,0,0
10.1038/539007a,29,0,586,4,1,50,0,0,0,0,408,888,32,2,0,0,0
10.1038/nature20470,14,0,27,6,2,35,0,0,0,0,91,817,1,0,0,0,0
10.1038/539159a,6,0,1060,0,0,84,1,0,0,0,589,882,0,1,0,0,0
10.1038/539467a,12,0,26,3,0,0,0,0,0,0,101,94,0,1,0,0,0
10.1038/nature19479,10,0,30,1,0,51,0,0,0,0,43,504,1,1,0,0,0
10.1038/539495f,2,0,0,1,0,0,0,0,0,0,0,0,0,0,0,0,0
10.1038/539342a,12,0,17,1,1,7,0,0,0,0,96,71,1,0,0,0,0
10.1038/539315a,4,0,54,1,0,42,0,0,0,0,227,198,0,0,0,0,0
10.1038/nature19335,25,0,0,0,8,0,0,0,0,0,0,2,1,0,0,0,0
10.1038/nature19483,13,0,70,14,1,116,0,0,0,0,130,0,1,0,0,0,0
10.1038/nature19780,9,0,0,1,0,4,0,0,0,0,3,0,0,0,0,0,0
10.1038/539171a,21,0,52,10,0,17,0,0,0,0,25,0,0,0,0,0,0
10.1038/539334a,8,0,33,0,1,0,0,0,0,0,0,42,0,0,0,0,0
10.1038/nature20473,33,0,28,15,4,62,0,0,0,0,22,27,0,0,0,0,0
10.1038/539482a,9,0,3767,2,0,166,0,0,0,0,1020,8595,24,2,1,0,1
10.1038/nature.2016.20930,7,0,19,0,0,0,0,0,0,0,246,108,0,0,0,0,0
10.1038/nature19837,5,0,0,0,0,0,0,0,0,0,1,0,1,0,0,0,0
10.1038/539472a,3,0,39,0,0,0,0,0,0,0,2,0,0,0,0,0,0
10.1038/539151a,25,0,7,6,1,11,0,0,0,0,191,83,1,0,0,0,0
10.1038/539016a,17,0,2,6,0,22,0,0,0,0,130,426,0,1,0,0,0
10.1038/539362a,3,0,4,1,0,29,0,0,0,0,35,0,1,0,0,0,0
10.1038/nature.2016.20900,30,0,137,0,0,5,0,0,0,0,320,427,0,0,0,0,0
10.1038/539139a,4,0,4,2,0,0,0,0,0,0,90,97,0,0,0,0,0
10.1038/539365a,4,0,0,1,0,41,0,0,0,0,30,0,10,2,0,0,0
10.1038/nature19808,2,0,0,0,0,0,0,0,0,0,0,0,0,0,0,0,0
10.1038/539144a,21,0,0,1,0,0,0,0,0,0,0,0,0,0,0,0,0
10.1038/nature.2016.20880,3,0,1,0,0,2,0,0,0,0,101,117,1,1,0,0,0
10.1038/539469a,5,0,1310,1,0,16,0,0,0,0,495,781,0,0,0,0,0
10.1038/539s26a,9,0,0,2,0,0,0,0,0,0,117,26,1,0,0,0,0
10.1038/nature19781,18,0,0,27,2,0,0,0,0,0,3,1,1,0,0,0,0
10.1038/539005a,9,0,6,9,0,0,0,0,0,0,178,0,0,0,0,0,0
10.1038/539005b,10,0,3,2,0,0,0,0,0,0,224,0,1,0,0,0,0
10.1038/539329a,86,0,1114,28,0,0,0,0,0,0,696,2712,0,0,0,0,0
10.1038/nature20474,42,0,24,12,0,61,0,0,0,0,49,0,0,0,0,0,0
10.1038/539162a,18,0,131,3,6,0,0,0,0,0,85,78,2,1,0,0,0
10.1038/539031b,4,0,1,0,0,0,0,0,0,0,24,17,0,0,0,0,0
10.1038/nature19778,27,0,36,13,0,17,0,0,0,0,18,0,0,0,6,0,0
10.1038/539471b,20,0,0,11,0,0,0,0,0,0,21,0,0,0,0,0,0
10.1038/539031e,15,0,1,5,0,4,0,0,0,0,12,0,0,0,0,0,0
10.1038/nature19779,11,0,39,0,0,11,0,0,0,0,0,0,0,0,1,0,0
10.1038/539470b,1,0,0,0,0,0,0,0,0,0,2,0,1,0,0,0,0
10.1038/539470a,1,0,0,0,0,0,0,0,0,0,10,0,0,0,0,0,0
10.1038/539333c,3,0,0,2,1,0,0,0,0,0,5,0,0,0,0,0,0
10.1038/539495e,8,0,0,2,0,7,0,0,0,0,154,0,0,0,0,0,0
10.1038/nj7628-321b,0,0,0,0,0,0,0,0,0,0,1,0,0,0,0,0,0
10.1038/nature20130,9,0,37,0,0,4,0,0,0,0,0,0,0,0,0,0,0
10.1038/nature19833,2,0,2,0,0,0,0,0,0,0,7,0,0,0,0,0,0
10.1038/539495d,23,0,1,4,0,3,0,0,0,0,0,1,0,0,0,0,0
10.1038/539143c,2,0,0,1,3,0,0,0,0,0,16,0,0,0,0,0,0
10.1038/539s1a,14,0,0,3,0,7,0,0,0,0,2,121,1,0,0,2,0
10.1038/539143d,1,0,0,0,0,0,0,0,0,0,18,0,0,0,0,0,0
10.1038/539471f,3,0,0,1,0,0,0,0,0,0,4,0,0,0,0,0,0
10.1038/539142b,7,0,0,2,0,0,0,0,0,0,6,0,0,0,0,0,0
10.1038/539495a,41,0,2,9,0,8,0,0,0,0,2,8,0,0,0,0,0
10.1038/539357d,2,0,1,0,0,2,0,0,0,0,10,1,0,0,0,0,0
10.1038/539008c,4,0,0,3,0,0,0,0,0,0,36,0,1,0,0,0,0
10.1038/nature19832,3,0,2,1,0,12,0,0,0,0,6,0,1,0,1,0,0
10.1038/539495b,114,1,5,37,1,8,0,0,0,0,3,0,0,0,0,0,0
10.1038/539470c,65,0,0,0,0,0,0,0,0,0,1,0,0,0,0,0,0
10.1038/539168a,9,0,0,6,0,0,0,0,0,0,17,24,0,1,0,0,0
10.1038/539333e,16,0,0,1,0,3,0,0,0,0,12,0,0,0,0,0,0
10.1038/539031c,12,0,2,3,0,0,0,0,0,0,17,0,0,0,0,0,0
10.1038/539357e,23,0,6,13,0,14,0,0,0,0,18,0,0,0,0,0,0
10.1038/539471e,8,0,0,0,0,0,0,0,0,0,19,0,0,0,0,0,0
10.1038/539332c,2,0,0,1,0,0,0,0,0,0,12,0,0,0,0,0,0
10.1038/539009e,13,0,0,3,0,0,1,0,0,0,17,1,0,0,0,0,0
10.1038/539357a,6,0,11,2,0,0,0,0,0,0,42,11,0,0,0,0,0
10.1038/nature20129,4,0,35,1,0,26,0,0,0,0,3,0,0,0,0,0,0
10.1038/539179a,10,0,0,4,0,15,1,0,0,0,12,4,1,0,0,0,0
10.1038/539333a,10,0,0,5,0,0,0,0,0,0,10,0,0,0,0,0,0
10.1038/539367b,0,0,0,0,0,0,0,0,0,0,13,0,0,0,0,0,0
10.1038/539009c,2,0,0,0,0,0,0,0,0,0,5,0,0,0,0,0,0
10.1038/539168d,18,0,0,7,2,3,0,0,0,0,13,5,0,1,0,0,0
10.1038/539333d,3,0,0,0,0,0,0,0,0,0,8,0,0,0,0,0,0
10.1038/539173a,6,0,0,2,0,2,0,0,0,0,10,0,0,0,0,0,0
10.1038/539471d,2,0,0,1,0,0,0,0,0,0,8,0,0,0,0,0,0
10.1038/539332a,19,0,0,16,0,0,0,0,0,0,22,0,0,0,0,0,0
10.1038/539008e,1,0,0,1,0,0,0,0,0,0,11,0,0,0,0,0,0
10.1038/539357b,2,0,0,0,0,0,0,0,0,0,7,0,0,0,0,0,0
10.1038/539009b,2,0,0,5,0,0,0,0,0,0,10,0,0,0,0,0,0
10.1038/539495c,14,0,5,5,0,0,0,0,0,0,3,0,0,0,0,0,0
10.1038/539143a,3,0,0,1,0,0,0,0,0,0,7,0,1,0,0,0,0
10.1038/539332d,4,0,0,1,0,0,0,0,0,0,15,0,0,0,0,0,0
10.1038/539357c,5,0,1,2,0,1,0,0,0,0,12,0,0,0,0,0,0
10.1038/539168e,25,0,1,8,1,0,0,0,0,0,6,1,0,0,0,0,0
10.1038/539471a,4,0,0,1,0,0,0,0,0,0,2,0,0,0,0,0,0
10.1038/539142d,12,0,0,2,0,0,0,0,0,0,11,0,0,0,0,0,0
10.1038/539333b,1,0,0,0,0,0,0,0,0,0,5,0,0,0,0,0,0
10.1038/539142a,3,0,0,1,0,0,0,0,0,0,11,0,0,0,0,0,0
10.1038/539168b,2,0,0,0,0,8,0,0,0,0,25,8,0,0,1,0,0
10.1038/539031d,46,0,35,10,1,14,0,0,0,0,16,0,1,0,0,0,0
10.1038/539009d,0,0,0,0,0,0,0,0,0,0,11,0,0,0,0,0,0
10.1038/539143b,2,0,0,1,0,0,0,0,0,0,14,0,0,0,0,0,0
10.1038/539143e,20,0,0,0,0,0,0,0,0,0,6,0,0,0,0,0,0
10.1038/539173b,0,0,0,0,0,0,0,0,0,0,6,0,0,0,0,0,0
10.1038/539009a,11,0,0,10,0,0,0,0,0,0,12,0,1,1,0,0,0
10.1038/539504a,1,0,0,0,0,0,0,0,0,0,0,0,0,0,0,0,0
10.1038/539008b,6,0,0,4,0,6,0,0,0,0,14,0,0,0,0,0,0
10.1038/nj7628-321a,0,0,0,0,0,0,0,0,0,0,6,0,0,0,0,0,0
10.1038/539031a,19,0,456,2,0,19,0,0,0,0,282,128,1,0,0,0,0
10.1038/539008d,5,0,0,3,0,0,0,0,0,0,8,0,0,0,0,0,0
10.1038/539471c,4,0,0,3,0,0,0,0,0,0,11,0,0,0,0,0,0
10.1038/539332b,1,0,0,0,0,0,0,0,0,0,9,0,0,0,0,0,0
10.1038/539333f,1,0,0,0,0,0,0,0,0,0,9,0,0,0,0,0,0
10.1038/539168c,8,0,0,4,1,11,0,0,0,0,5,3,0,0,0,0,0
10.1038/539470d,2,0,0,0,0,0,0,0,0,0,2,0,0,0,0,0,0
10.1038/539142c,37,0,0,15,0,0,0,0,0,0,9,0,0,0,0,0,0
10.1038/539008a,2,0,0,1,0,0,0,0,0,0,28,0,0,0,0,0,0
10.1038/539491a,3,0,688,1,0,0,0,0,0,0,430,26,13,0,0,0,0
10.1038/539132a,1,0,1,0,0,0,0,0,0,0,10,0,0,0,0,0,0
10.1038/539354a,1,0,10,1,0,0,0,0,0,0,82,40,0,2,0,0,0
10.1038/539492a,2,0,0,0,0,0,0,0,0,0,151,0,0,0,0,0,0
10.1038/539356a,3,0,42,1,0,4,0,0,0,0,149,47,10,2,0,0,0
10.1038/539029a,12,0,0,3,0,0,0,0,0,0,62,0,0,0,0,0,0
10.1038/nj7627-129a,0,0,0,0,0,0,0,0,0,0,9,0,0,0,0,0,0
10.1038/539167a,6,0,0,1,0,0,0,0,0,0,76,0,0,0,0,0,0
10.1038/539493a,3,0,1,0,0,0,1,0,0,0,211,0,13,3,0,0,0
10.1038/539166a,2,0,0,0,0,10,0,0,0,0,109,79,0,0,1,0,0
10.1038/539028a,16,0,479,1,0,0,0,0,0,0,264,0,1,0,0,0,0
10.1038/nj7627-127a,0,0,788,0,0,17,0,0,0,0,290,150,0,0,0,0,0
10.1038/539324a,0,0,0,0,0,45,0,0,0,0,7,0,0,0,0,0,0
10.1038/nj7630-599a,0,0,378,0,0,1,0,0,0,0,182,61,0,0,0,0,0
10.1038/539462a,0,0,1,0,0,5,0,0,0,0,5,60,0,0,1,0,0
10.1038/539355a,6,0,0,0,0,0,0,0,0,0,82,0,10,0,0,0,0
10.1038/nj7627-129b,0,0,0,0,0,0,0,0,0,0,7,0,0,0,0,0,0
10.1038/nj7628-319a,0,0,2265,0,0,66,0,0,0,0,599,560,1,2,0,0,0
10.1038/nj7629-457a,0,0,1476,0,0,19,0,0,0,0,159,178,0,0,0,0,0
10.1038/nj7629-459a,0,0,0,0,0,0,0,0,0,0,9,0,0,0,0,0,0
10.1038/539602a,19,0,1,2,0,0,0,0,0,0,18,23,0,0,0,0,0
10.1038/nature.2016.20903,0,0,0,0,0,0,0,0,0,0,0,0,0,0,0,0,0
10.1038/nature.2016.20898,0,0,0,0,0,5,0,0,0,0,0,0,2,0,0,0,0
10.1038/nature.2016.20897,0,0,0,0,0,0,0,0,0,0,0,0,0,0,0,0,0
10.1038/nature.2016.20894,0,0,0,0,0,0,0,0,0,0,0,0,0,0,0,0,0
10.1038/nature.2016.20873,0,0,218,0,0,3,0,0,0,0,235,720,0,0,0,0,0
10.1038/nature.2016.20859,0,0,0,0,0,0,0,0,0,0,0,0,0,0,0,0,0
10.1038/nature.2016.20877,0,0,0,0,0,5,0,0,0,0,0,0,0,0,0,0,0
10.1038/nature.2016.20862,0,0,0,0,0,3,0,0,0,0,0,0,0,0,0,0,0
10.1038/nature.2016.20860,0,0,0,0,0,0,0,0,0,0,0,0,0,0,0,0,0
10.1038/nature.2016.20853,0,0,0,0,0,1,0,0,0,0,0,0,0,0,0,0,0
10.1038/nature.2016.20774,0,0,0,0,0,19,0,0,0,0,0,0,0,0,0,0,0
10.1038/nature.2016.20854,0,0,0,0,0,12,0,0,0,0,0,0,0,0,0,0,0
10.1038/nature.2016.20848,0,0,400,0,0,1,0,0,0,0,243,753,0,0,1,0,0
10.1038/nature.2016.20832,0,0,0,0,0,0,0,0,0,0,0,0,0,1,0,0,0
10.1038/538291a,0,0,379,0,0,160,0,0,0,0,377,688,0,0,0,0,0
10.1038/nature.2016.20849,0,0,0,0,0,6,0,0,0,0,0,0,2,1,3,0,0
10.1038/nature.2016.20838,0,0,0,0,0,0,0,0,0,0,0,0,0,0,0,0,0
10.1038/nature.2016.20834,0,0,0,0,0,0,0,0,0,0,0,0,0,0,0,0,0
10.1038/nature.2016.20816,0,0,0,0,0,0,0,0,0,0,0,0,0,0,0,0,0
10.1038/nature.2016.20831,0,0,0,0,0,1,0,0,0,0,0,0,0,0,3,0,0
10.1038/nature.2016.20822,0,0,0,0,0,8,0,0,0,0,0,0,0,0,0,0,0
10.1038/nature.2016.20818,0,0,0,0,0,0,0,0,0,0,0,0,0,0,0,0,0
10.1038/nature.2016.20812,0,0,0,0,0,0,0,0,0,0,0,0,0,0,0,0,0
10.1038/nature.2016.20810,0,0,0,0,0,7,0,0,0,0,0,0,0,0,0,0,0
10.1038/nature.2016.20809,0,0,0,0,0,3,0,0,0,0,0,0,0,0,0,0,0
10.1038/nature.2016.20807,0,0,0,0,0,0,0,0,0,0,0,0,0,0,0,0,0
10.1038/nature.2016.20808,0,0,0,0,0,2,0,0,0,0,0,0,0,0,0,0,0
10.1038/nature.2016.20804,0,0,0,0,0,2,0,0,0,0,0,0,0,0,0,0,0
10.1038/nature.2016.20784,0,0,0,0,0,4,0,0,0,0,0,0,0,0,0,0,0
10.1038/nj0492,0,0,0,0,0,0,0,0,0,0,14,0,0,0,0,0,0
10.1038/nature.2016.20782,0,0,2380,0,0,15,0,0,0,0,468,3380,4,3,3,0,0
10.1038/nature.2016.20777,0,0,0,0,0,0,0,0,0,0,0,0,1,0,0,0,0
10.1038/nature.2016.20781,0,0,4943,0,0,3,2,0,0,0,329,0,1,1,3,0,0
10.1038/nature.2016.20775,0,0,0,0,0,0,0,0,0,0,0,0,0,0,0,0,0
10.1038/nature.2016.20769,0,0,0,0,0,5,0,0,0,0,0,0,0,0,0,0,0
10.1038/nature.2016.20768,0,0,0,0,0,5,0,0,0,0,0,0,0,0,0,0,0
10.1038/nature.2016.20756,0,0,0,0,0,4,0,0,0,0,0,0,0,0,0,0,0
10.1038/nature.2016.20750,0,0,0,0,0,13,0,0,0,0,0,0,0,0,0,0,0
10.1038/nature.2016.20735,0,0,0,0,0,7,0,0,0,0,0,0,0,0,1,0,0
10.1038/nature.2016.20715,0,0,1035,0,0,4,0,0,0,0,798,1384,4,1,0,0,0
10.1038/nature19797,96,0,4233,38,1,466,0,0,0,0,538,0,38,13,0,0,0
10.1038/nature19814,8,0,19,2,0,116,2,0,0,0,13,0,2,0,0,0,0
10.1038/nature19758,247,0,125,149,9,975,3,0,0,0,1218,46,10,5,1,0,1
10.1038/nature19099,4,0,36,1,0,147,0,0,0,0,3,0,2,0,0,0,0
10.1038/nature20101,131,0,2960,94,1,5363,12,0,0,0,1809,0,10,4,8,0,4
10.1038/nature20098,20,0,18,9,0,589,4,0,0,0,201,12,88,0,0,0,0
10.1038/nature19793,150,0,1358,113,6,1356,13,0,0,0,1281,5,70,20,9,2,4
10.1038/nature19759,11,0,42,8,0,308,0,0,0,0,8,0,0,0,0,0,0
10.1038/nature19806,312,0,191,14,69,1074,5,0,0,0,345,0,3,1,3,0,0
10.1038/nature19320,27,0,32,1,2,74,0,0,0,0,146,0,7,3,2,0,0
10.1038/nature19821,17,0,58,7,0,349,0,0,0,0,6,0,3,0,2,0,0
10.1038/nature19341,22,0,39,9,0,164,1,0,0,0,198,1,17,4,1,0,1
10.1038/nature19844,561,0,123,30,4,753,2,0,0,0,292,0,9,2,3,0,0
10.1038/nature19363,17,0,31,6,0,534,0,0,0,0,38,0,4,0,0,0,0
10.1038/nature19830,95,0,131,42,2,385,1,0,0,0,51,0,6,2,1,0,0
10.1038/nature19761,6,0,24,2,1,129,0,0,0,0,13,0,2,0,0,0,0
10.1038/nature19852,57,0,304,18,0,102,0,0,0,0,246,0,25,4,6,0,0
10.1038/nature19367,9,0,68,6,0,138,0,0,0,0,102,0,3,0,0,0,0
10.1038/nature19089,24,0,51,7,0,425,1,0,0,0,26,0,1,0,0,0,0
10.1038/nature19789,14,0,32,9,2,192,1,0,0,0,21,0,2,0,0,0,0
10.1038/nature19792,124,0,603,33,3,1290,5,0,0,0,166,0,21,12,7,0,0
10.1038/nature19785,25,0,66,8,1,290,1,0,0,0,67,0,4,0,2,0,0
10.1038/nature19766,6,0,22,2,0,355,1,0,0,0,47,0,4,0,0,0,0
10.1038/nature19757,24,0,41,3,0,103,2,0,0,0,18,0,0,0,0,0,0
10.1038/nature19754,25,0,48,24,1,566,0,0,0,0,69,0,1,0,0,0,0
10.1038/nature19790,136,0,588,89,7,312,1,0,0,0,279,177,0,0,0,0,0
10.1038/nature19804,141,0,34,15,3,532,2,0,0,0,169,7,12,2,1,0,0
10.1038/nature19365,140,0,267,105,1,341,1,0,0,0,381,16,6,2,0,0,0
10.1038/nature20094,54,0,22,4,0,66,2,0,0,0,49,0,7,0,0,0,0
10.1038/nature19786,23,0,27,5,1,213,0,0,0,0,12,0,3,0,0,0,0
10.1038/nature19818,9,0,25,5,0,244,1,0,0,0,11,0,5,0,0,0,0
10.1038/nature19815,31,0,26,14,2,787,3,0,0,0,228,0,10,1,0,0,0
10.1038/nature19765,3,0,50,2,0,177,0,0,0,0,11,0,3,0,0,0,0
10.1038/nature19817,74,0,44,60,2,89,1,0,0,0,41,0,2,0,1,0,0
10.1038/nature19791,42,0,31,5,0,1057,5,0,0,0,72,0,1,1,0,0,0
10.1038/nature19771,26,0,31,9,1,181,1,0,0,0,41,0,1,0,0,0,0
10.1038/nature18964,118,0,104,41,4,2762,9,0,0,0,315,0,24,15,5,0,2
10.1038/nature19847,25,0,153,18,0,1587,8,0,0,0,75,0,0,1,0,0,0
10.1038/nature20095,24,0,69,3,0,407,1,0,0,0,12,0,0,0,0,0,0
10.1038/nature19800,32,0,45,8,3,1174,6,0,0,0,266,0,2,0,1,0,0
10.1038/nature19840,125,0,256,3,8,1672,4,0,0,0,286,2,6,1,4,0,0
10.1038/nature19773,69,0,29,29,1,397,1,0,0,0,58,251,1,1,0,0,0
10.1038/nature19829,23,0,32,11,0,122,0,0,0,0,124,0,17,0,2,0,0
10.1038/nature19783,13,0,62,4,0,103,0,0,0,0,11,0,0,0,0,0,0
10.1038/nature19770,8,0,25,3,0,192,0,0,0,0,34,0,2,0,0,0,0
10.1038/nature19762,9,0,33,0,0,152,0,0,0,0,10,7,1,1,0,0,1
10.1038/nature19822,19,0,70,6,0,35,0,0,0,0,39,0,5,0,0,0,0
10.1038/nature19798,178,0,83,95,8,1006,0,0,0,0,198,3,5,4,0,0,0
10.1038/nature19801,71,0,19,8,0,367,0,0,0,0,224,0,5,1,1,0,0
10.1038/nature19802,47,0,421,26,2,708,5,0,0,0,67,0,12,0,0,0,0
10.1038/nature19768,57,0,56,12,2,1193,9,0,0,0,247,0,6,0,0,0,0
10.1038/nature19787,30,0,17,0,0,79,0,0,0,0,4,0,0,0,0,0,0
10.1038/nature19794,12,0,183,7,0,329,0,0,0,0,24,0,3,0,0,17,0
10.1038/nature19823,86,0,563,19,0,1453,9,0,0,0,275,0,82,1,0,0,0
10.1038/nature19799,16,0,33,8,4,170,4,0,0,0,45,0,2,1,0,0,0
10.1038/nature19772,42,0,34,19,1,211,2,0,0,0,12,0,3,0,0,0,0
10.1038/nature19836,19,0,16,5,0,86,0,0,0,0,14,0,0,0,0,0,0
10.1038/nature20110,22,0,115,5,2,311,1,0,0,0,299,0,1,0,0,0,0
10.1038/nature19807,76,0,42,11,0,192,6,0,0,0,29,0,29,0,1,0,0
10.1038/nature19345,6,0,39,2,0,48,0,0,0,0,30,0,1,0,0,0,0
10.1038/nature19841,17,0,17,9,1,961,3,0,0,0,59,0,1,0,2,0,0
10.1038/nature19767,7,0,54,0,0,76,0,0,0,0,70,0,1,0,0,0,0
10.1038/nature18299,335,0,542,115,10,556,6,0,0,0,383,0,26,12,1,0,0
10.1038/nature19788,5,0,39,9,0,84,0,0,0,0,12,0,0,0,0,0,0
10.1038/nature19784,12,0,33,3,0,432,2,0,0,0,20,0,2,0,0,0,0
10.1038/nature19764,34,0,32,12,1,625,2,0,0,0,69,0,1,0,0,0,0
10.1038/nature20100,149,0,26,39,2,90,0,0,0,0,55,0,5,2,0,0,0
10.1038/538320a,7,0,75,5,0,26,0,0,0,0,90,0,0,1,0,0,0
10.1038/nature19104,40,0,0,2,0,0,0,0,0,0,1,0,0,0,0,0,0
10.1038/538444a,12,0,9560,3,1,54,0,0,0,0,1088,8005,0,4,0,0,0
10.1038/538020a,108,0,680,22,0,597,5,0,0,0,1479,3358,48,7,0,18,1
10.1038/538177a,17,0,31,5,1,0,0,0,0,0,10,0,0,0,0,0,0
10.1038/538s74a,12,0,0,1,0,4,0,0,0,0,3,0,0,0,0,0,0
10.1038/538140a,1,0,53,0,0,0,4,0,0,0,511,731,2,1,1,0,0
10.1038/538s8a,4,0,32,2,0,95,0,0,0,0,126,15,1,0,0,0,0
10.1038/538016a,36,0,48,3,0,7,0,0,0,0,186,918,2,1,0,0,0
10.1038/nature19476,2,0,33,1,0,58,1,0,0,0,81,0,0,0,0,0,0
10.1038/538451a,2,0,1605,0,0,52,1,0,0,0,769,1654,1,0,0,0,0
10.1038/538308a,17,0,878,5,0,27,0,0,0,0,283,410,6,0,1,0,0
10.1038/538290b,28,0,2210,3,0,0,0,0,0,0,1112,3919,0,0,0,0,0
10.1038/nature.2016.20721,19,0,15494,3,0,2,0,0,0,0,1022,37453,22,1,1,0,0
10.1038/538010a,15,0,2,3,0,0,0,0,0,0,0,47,0,0,0,0,0
10.1038/538150a,6,0,959,4,0,40,0,0,0,0,316,931,17,1,0,0,0
10.1038/nature.2016.20705,8,0,1,0,0,0,0,0,0,0,120,166,0,0,1,0,0
10.1038/nature.2016.20856,59,0,190,26,0,6,0,0,0,0,173,99,0,0,1,0,0
10.1038/538304a,68,0,308,18,2,12,0,0,0,0,168,541,29,1,0,0,0
10.1038/nature.2016.20754,19,0,9,6,2,5,1,0,0,0,123,418,0,0,0,0,0
10.1038/nature19478,10,0,21,5,1,299,0,0,0,0,63,0,1,0,0,0,0
10.1038/538s50a,2,0,0,0,0,8,0,0,0,0,3,0,0,0,0,0,0
10.1038/538165a,34,0,363,10,0,383,0,0,0,0,296,640,2,0,0,0,0
10.1038/nature.2016.20861,4,0,414,7,0,3,0,0,0,0,547,704,79,7,1,0,1
10.1038/nature19482,14,0,19,7,0,13,0,0,0,0,83,0,1,0,0,0,0
10.1038/538174a,35,0,0,13,0,13,0,0,0,0,30,0,0,0,0,2,0
10.1038/538128a,1,0,0,0,0,0,0,0,0,0,3,0,0,0,0,0,0
10.1038/538427b,16,0,3,5,2,0,0,0,0,0,141,48,2,0,0,0,0
10.1038/538s13a,31,0,1031,7,3,168,0,0,0,0,93,640,0,0,0,0,0
10.1038/538275a,22,0,0,11,0,576,4,0,0,0,509,0,0,0,1,0,1
10.1038/538441a,1,0,0,0,0,0,0,0,0,0,0,0,0,0,0,0,0
10.1038/538046a,5,0,29,3,0,87,1,0,0,0,57,0,0,1,0,0,0
10.1038/nature.2016.20757,7,0,3393,0,0,9,0,0,0,0,584,8324,0,2,3,0,0
10.1038/538298a,100,0,9391,8,3,4,0,0,0,0,508,2100,62,0,0,0,0
10.1038/nature.2016.20722,4,0,777,0,0,9,0,0,0,0,257,1251,21,3,4,0,0
10.1038/nature.2016.20755,291,0,812,105,5,5,0,0,0,0,496,1765,25,0,0,0,0
10.1038/538311a,124,0,1406,69,3,459,3,0,0,0,1398,1517,10,5,0,0,0
10.1038/nature19311,3,0,0,1,0,2,0,0,0,0,2,0,0,0,0,0,0
10.1038/538453a,12,0,3655,3,0,206,1,0,0,0,1068,2814,1,6,0,0,0
10.1038/nature19480,21,0,17,0,0,16,0,0,0,0,42,0,0,0,0,0,0
10.1038/nature19473,1,0,48,0,0,7,0,0,0,0,22,0,0,0,0,0,0
10.1038/nature.2016.20778,7,0,1,2,0,5,0,0,0,0,119,56,0,0,1,1,0
10.1038/538005a,22,0,143,9,0,0,0,0,0,0,497,1806,0,0,0,0,0
10.1038/538154a,15,0,3299,6,1,190,0,0,0,0,931,3293,3,2,0,0,0
10.1038/538294a,6,0,2,0,0,0,0,0,0,0,5,35,0,0,0,0,0
10.1038/538177b,58,0,39,13,0,57,1,0,0,0,51,0,1,0,0,0,0
10.1038/nature19077,3,0,0,2,3,0,0,0,0,0,2,0,0,0,0,0,0
10.1038/nature19481,21,0,21,12,0,52,1,0,0,0,38,0,0,0,0,0,0
10.1038/nature.2016.20817,13,0,2579,7,1,16,0,0,0,0,641,4522,10,4,0,0,0
10.1038/nature19475,9,0,334,5,0,109,0,0,0,0,54,0,0,2,0,0,0
10.1038/538145a,2,0,0,0,0,0,0,0,0,0,0,0,0,0,0,0,0
10.1038/538172a,10,0,5,3,0,18,0,0,0,0,45,65,14,0,1,0,0
10.1038/nature19803,0,0,0,1,0,0,0,0,0,0,0,0,0,0,0,0,0
10.1038/nature19105,16,0,0,6,0,0,0,0,0,0,2,0,1,0,0,0,0
10.1038/538140b,7,0,272,1,2,38,1,0,0,0,151,169,1,0,0,0,0
10.1038/538469a,1,0,15,0,0,0,0,0,0,0,12,6,0,0,0,0,0
10.1038/538139a,24,0,1,6,3,2,0,0,0,0,82,108,0,0,0,0,0
10.1038/nature19469,7,0,54,3,0,42,0,0,0,0,22,0,0,0,0,0,0
10.1038/nature19088,6,0,0,3,0,1,0,0,0,0,3,0,0,0,0,0,0
10.1038/538440a,17,0,764,1,0,2,0,0,0,0,145,380,0,1,0,0,0
10.1038/nature.2016.20758,65,0,2513,25,2,6,0,0,0,0,349,280,38,3,0,0,0
10.1038/nature.2016.20830,59,0,5,17,1,5,0,0,0,0,305,921,0,0,0,0,0
10.1038/nature.2016.20855,8,0,124,2,0,7,0,0,0,0,508,374,0,0,0,0,1
10.1038/538s10a,21,0,0,9,0,3,0,0,0,0,77,0,0,0,0,0,0
10.1038/538006a,12,0,34,5,0,0,0,0,0,0,177,800,1,1,0,0,0
10.1038/538s2a,6,0,0,3,0,3,0,0,0,0,116,35,0,0,0,0,0
10.1038/538427a,18,0,504,2,1,0,0,0,0,0,1651,5036,1,1,0,0,0
10.1038/538042a,19,0,54,5,0,4,0,0,0,0,19,49,22,0,2,0,0
10.1038/538127a,15,0,475,6,2,110,3,0,0,0,798,739,0,2,0,0,0
10.1038/538005b,53,0,6,19,0,0,0,0,0,0,73,0,0,1,0,0,0
10.1038/538s54a,5,0,0,0,0,0,0,0,0,0,2,1,0,0,0,0,0
10.1038/nature.2016.20734,46,0,2822,21,3,6,0,0,0,0,506,5208,35,2,2,0,0
10.1038/538466a,10,0,18,0,0,1,0,0,0,0,13,0,0,0,0,0,0
10.1038/538s58a,91,0,0,4,1,2,0,0,0,0,120,0,0,0,0,0,0
10.1038/538153a,1,0,0,0,0,0,0,0,0,0,0,0,0,0,0,0,0
10.1038/538289a,128,0,1418,12,0,0,0,0,0,0,703,4406,0,1,1,0,0
10.1038/538007a,20,0,2485,7,0,21,2,0,0,0,526,4438,0,1,0,0,0
10.1038/538s5a,13,0,0,2,0,9,0,0,0,0,62,0,1,0,0,0,0
10.1038/nature19474,45,0,105,22,3,98,0,0,0,0,134,0,0,0,0,2,0
10.1038/538030a,3,0,191,4,0,37,0,0,0,0,110,93,1,0,0,0,0
10.1038/538300a,16,0,21,3,0,8,0,0,0,0,116,896,2,2,0,0,0
10.1038/538428a,31,0,24,29,3,0,0,0,0,0,127,272,0,0,0,0,0
10.1038/nature19477,60,0,39,67,2,197,3,0,0,0,39,0,1,0,1,0,0
10.1038/538325a,20,0,66,6,0,20,0,0,0,0,8,0,1,0,0,0,0
10.1038/538027a,71,0,132,10,0,21,0,0,0,0,137,174,23,0,0,0,0
10.1038/nature19471,71,0,265,41,0,312,1,0,0,0,78,746,0,1,0,0,0
10.1038/538290a,1,0,2,0,0,0,0,0,0,0,227,168,0,0,0,0,0
10.1038/nature19472,35,0,69,30,1,159,1,0,0,0,82,0,2,3,0,0,0
10.1038/nature.2016.20710,5,0,13,4,0,6,0,0,0,0,154,385,24,1,0,0,0
10.1038/538161a,19,0,1214,15,0,729,0,0,0,0,546,2143,49,9,0,1,1
10.1038/538158a,62,0,439,30,13,90,0,0,0,0,463,1080,20,2,1,0,0
10.1038/538463a,5,0,15,4,0,49,0,0,0,0,17,0,1,0,0,0,0
10.1038/538303a,3,0,41,0,0,7,0,0,0,0,81,63,0,0,0,0,0
10.1038/nature.2016.20713,879,0,693,309,17,38,2,0,0,0,288,508,1,1,0,0,0
10.1038/538024a,26,0,596,0,1,11,0,0,0,0,588,2101,18,1,2,0,0
10.1038/nature.2016.20802,10,0,18,0,0,1,0,0,0,0,144,70,0,0,0,0,0
10.1038/538432a,3,0,1,0,1,0,0,0,0,0,0,65,0,0,1,0,0
10.1038/538s17a,38,0,0,21,4,5,0,0,0,0,79,11,0,0,0,0,0
10.1038/538141a,19,0,53,5,1,86,0,0,0,0,543,1968,0,0,0,0,0
10.1038/538429a,7,0,88,1,2,0,0,0,0,0,92,221,26,0,0,0,0
10.1038/538446a,4,0,6554,1,1,105,0,0,0,0,2351,15986,62,5,3,0,0
10.1038/538436a,10,0,36,4,2,1,0,0,0,0,210,192,0,0,0,0,0
10.1038/538318a,5,0,0,1,0,2,0,0,0,0,21,0,0,0,1,0,0
10.1038/538s4a,10,0,20,0,0,11,0,0,0,0,33,13,0,0,0,0,0
10.1038/538044a,4,0,33,2,0,37,0,0,0,0,13,0,0,0,0,0,0
10.1038/538321a,4,0,66,3,0,16,0,0,0,0,19,0,0,0,0,0,0
10.1038/538326b,16,0,68,3,0,30,0,0,0,0,32,0,1,0,0,0,0
10.1038/538144a,5,0,11,2,0,0,0,0,0,0,0,30,0,0,0,0,0
10.1038/538443a,4,0,42,0,0,0,0,0,0,0,126,1456,0,1,0,0,0
10.1038/538s70a,9,0,0,0,0,3,0,0,0,0,1,0,0,0,0,0,0
10.1038/538171f,2,0,0,0,0,0,0,0,0,0,6,2,0,0,0,0,0
10.1038/538430b,2,0,0,2,0,0,0,0,0,0,14,0,0,0,0,0,0
10.1038/538171c,17,0,1,3,0,3,0,0,0,0,29,0,0,0,0,0,0
10.1038/nature20097,64,0,17,1,0,14,0,0,0,0,6,0,0,0,0,0,0
10.1038/538430d,1,0,0,0,0,0,0,0,0,0,8,0,0,0,0,0,0
10.1038/nature19064,0,0,0,0,0,26,0,0,0,0,1,0,0,0,0,0,1
10.1038/538009b,21,0,0,20,0,0,0,0,0,0,10,0,0,0,0,0,0
10.1038/538171b,36,0,1,0,0,2,0,0,0,0,18,0,0,0,0,0,0
10.1038/538464a,0,0,0,0,0,0,0,0,0,0,5,0,0,0,0,0,0
10.1038/538292c,1,0,0,0,0,3,0,0,0,0,45,0,0,0,0,0,0
10.1038/538s49a,6,0,11,0,0,69,0,0,0,0,7,40,0,0,0,0,0
10.1038/538317c,10,0,2,1,2,0,0,0,0,0,7,0,0,0,0,0,0
10.1038/538293e,4,0,0,0,2,0,0,0,0,0,10,0,0,0,0,0,0
10.1038/538143e,4,0,0,0,1,0,0,0,0,0,25,0,0,0,0,0,0
10.1038/538459d,8,0,7,3,2,5,0,0,0,0,17,7,0,0,0,0,0
10.1038/538041c,5,0,1,1,1,5,0,0,0,0,17,2,1,0,0,0,0
10.1038/538317a,30,0,8,19,0,25,0,0,0,0,18,0,4,0,0,0,0
10.1038/538326a,0,0,0,0,0,0,0,0,0,0,3,0,0,0,0,0,0
10.1038/538317e,51,0,1,16,0,1,0,0,0,0,5,2,0,0,0,0,0
10.1038/538142a,9,0,0,3,1,0,0,0,0,0,11,0,0,0,0,0,0
10.1038/538171a,22,0,1,5,0,1,0,0,0,0,6,0,0,0,0,0,0
10.1038/538041a,9,0,19,2,1,12,0,0,0,0,11,138,0,0,0,0,0
10.1038/538292a,2,0,0,0,0,0,0,0,0,0,15,0,0,0,0,0,0
10.1038/538009d,2,0,0,0,0,0,0,0,0,0,11,0,0,0,0,0,0
10.1038/538041d,32,0,0,9,3,0,2,0,0,0,53,0,0,0,0,0,0
10.1038/538459b,120,0,3,22,6,3,0,0,0,0,15,0,0,0,0,0,0
10.1038/538292b,1,0,0,0,0,0,0,0,0,0,9,0,0,0,0,0,0
10.1038/538171d,7,0,1,4,0,25,0,0,0,0,23,0,0,0,0,0,0
10.1038/538431e,2,0,0,0,0,0,0,0,0,0,10,0,0,0,0,0,0
10.1038/538143d,7,0,0,0,0,0,0,0,0,0,11,0,0,0,0,0,0
10.1038/538317d,3,0,1,0,1,9,0,0,0,0,13,0,0,0,0,0,0
10.1038/538171e,21,0,0,16,0,29,0,0,0,0,4,6,0,0,0,0,0
10.1038/538430e,21,0,0,23,0,0,0,0,0,0,9,0,0,0,0,0,0
10.1038/538143a,20,0,0,0,0,0,0,0,0,0,41,0,0,0,0,0,0
10.1038/538459a,25,0,21,1,2,12,0,0,0,0,7,1,0,0,0,0,0
10.1038/538041e,4,0,17,3,2,8,0,0,0,0,5,17,1,1,0,0,0
10.1038/538008c,20,0,2,9,0,0,0,0,0,0,21,49,0,0,0,0,0
10.1038/538142d,12,0,0,6,0,3,0,0,0,0,6,0,0,0,0,0,0
10.1038/538459e,7,0,1,1,0,0,0,0,0,0,5,1,0,0,0,0,0
10.1038/538142b,5,0,0,1,0,0,0,0,0,0,8,0,0,0,0,0,0
10.1038/538s1a,33,0,0,32,0,0,0,0,0,0,11,3,0,0,0,0,0
10.1038/538008d,2,0,0,0,0,0,0,0,0,0,8,0,0,0,0,0,0
10.1038/538009e,1,0,0,0,0,0,0,0,0,0,35,0,0,0,0,0,0
10.1038/538317b,8,0,11,2,0,1,0,0,0,0,45,0,0,0,0,0,0
10.1038/538008b,6,0,0,2,0,0,0,0,0,0,9,0,0,0,0,0,0
10.1038/538142c,8,0,0,1,0,0,0,0,0,0,9,0,0,0,0,0,0
10.1038/538431d,2,0,0,0,0,0,0,0,0,0,8,0,0,0,1,0,0
10.1038/538459c,83,0,1,32,0,4,0,0,0,0,4,0,0,0,0,0,0
10.1038/nature20096,3,0,23,2,0,34,0,0,0,0,8,0,0,1,0,0,0
10.1038/538293b,13,0,6,3,0,1,0,0,0,0,84,0,0,0,0,0,0
