SO,abstruct_views,full_text_views,link_click_count,link_outs,exports_saves,reader_count_mendeley,reader_count_citeulike,cited_by_count_scopus,cited_by_count_crossref,cited_by_count_pubmed,tweets,facebook,news,blogs,reference_count_wikipedia,comment_count_reddit,mention_qa_site_mentions,mendeley,TC,comments,N,l1,l2,l3,l4,l5,l6,l7,l8,l1_2,l2_2,l3_2,l4_2,l5_2,l6_2,l7_2,l8_2
ANNALS OF OPERATIONS RESEARCH,29892,23128,0,4264,2472,1864,0,0,0,0,7,1,0,0,2,0,0,162,706,29892,82,31.105988868665523,4.783515425401125,11.249283670303969,5.212697439828147,8.383622025254528,5.042397426286158,7.429806034502618,6.535834896739926,491.02336812633877,32.737093589881255,78.24600340910182,29.295564676270317,74.87709716450655,58.605103869116505,196.10837888580443,193.94607052414892
APPLIED STOCHASTIC MODELS IN BUSINESS AND INDUSTRY,5690,4648,0,400,446,521,12,0,0,0,8,0,0,0,1,0,0,53,418,5690,78,11.872822438218083,3.2795612169172452,5.990160824253428,3.5128327102981385,5.016451179802179,3.406566015199089,4.781691684808672,4.263903602592827,184.64447820882287,19.80885989473542,45.165121705097164,21.71192976032436,52.25551100275844,43.05054661796342,129.88671113655775,128.36377667376445
ASIA-PACIFIC JOURNAL OF OPERATIONAL RESEARCH,3908,1945,0,366,355,368,0,0,0,0,3,5,0,0,1,0,0,21,223,3908,63,11.297662677034527,3.032733088139239,5.7021659899839126,3.2351666093723295,4.606464007724539,2.9733210128991616,3.9735983714884973,3.4395647394435125,147.7335614931806,14.391004808331626,37.87341407891259,17.304488909944304,38.9557264670032,30.423135116459726,80.24342698689483,78.71223765354699
COMPUTATIONAL OPTIMIZATION AND APPLICATIONS,3722,1496,0,151,135,819,1,0,0,0,8,0,0,0,0,0,0,24,469,3722,94,9.724022554818474,3.234794319333504,5.695414564919889,3.626181106372636,5.1071911644941945,3.6814996127891124,4.978436440888829,4.493381962072239,144.13422218861592,15.331292131143757,40.40665683543696,20.45075816805594,53.21581793830036,44.929394348684944,141.6734643794173,140.18793438859166
COMPUTERS & OPERATIONS RESEARCH,132078,4,33,3076,1210,9382,7,0,0,0,36,88,1,0,2,0,0,1239,3376,132078,214,44.24495496759107,5.926363740458849,14.365129885230623,6.39203995281563,10.854715516794105,6.754391590250476,10.925317812782039,9.924753418515357,1190.9089317140297,87.40352435007212,141.71183465548947,53.62431446279257,167.34468464101505,142.65292732876813,672.138180474881,669.5610065732569
CONCURRENT ENGINEERING-RESEARCH AND APPLICATIONS,3211,0,0,349,47,762,0,0,0,0,0,0,0,0,0,0,0,9,166,3211,29,17.05979299202021,3.8011902999312364,7.91253243898343,4.239360595272933,6.375708776624749,4.085065470454721,5.670649946824174,4.972299024278196,131.38448048432505,11.544266421717444,34.55238139954724,15.163021767005416,33.999012562752156,25.656841094575945,64.18888589282116,62.60318627055069
DECISION SUPPORT SYSTEMS,63126,5,220,15356,4246,13878,5,0,0,0,176,154,3,0,4,0,1,5497,1905,63126,116,43.19065780648719,11.141655870069522,15.132984271200947,8.385817500595788,11.486709306293605,7.999682583955262,11.532618082385174,10.679440538074035,768.9225341831016,189.0682597797994,109.29987192477343,60.9671070728741,122.79539922077466,109.1478234596533,427.43187406025356,426.0223959252146
DISCRETE EVENT DYNAMIC SYSTEMS-THEORY AND APPLICATIONS,107,0,0,54,6,233,1,0,0,0,2,0,0,0,0,0,0,30,172,107,25,3.322976478157098,2.652750242231388,3.2880366994889143,3.018460720442888,3.939837702850239,3.7170549511813262,5.21356495320657,5.12149079007591,21.27957315789642,13.041906513407229,16.2951249106697,14.282277899982262,27.411883723569197,26.31390818782993,64.63696610472357,64.36475716127883
DISCRETE OPTIMIZATION,269,0,0,53,10,147,1,0,0,0,3,36,0,0,0,0,0,46,53,269,31,4.361669943791612,2.837824391388736,3.3225577083418147,2.7674148692267715,3.051918438742858,2.6298102566311767,2.8265027196855974,2.6670630713337355,33.06089943936616,15.220113969969217,16.418563907277772,12.581045224820375,17.65195929157442,15.731928212410015,27.48186526530869,27.05501277095157
ENGINEERING OPTIMIZATION,8731,1,0,377,107,1047,3,0,0,0,2,0,0,0,0,0,0,45,687,8731,94,13.86394095200454,3.7190366157946513,7.159324578993486,4.276320802298548,6.3714840330645846,4.514812864890416,6.45146512780777,5.860798867555543,237.3808215805299,19.649571358361626,53.48744637481874,24.364059731504355,67.0501568010531,55.981295876285216,191.13296834582474,189.36667350537775
EUROPEAN JOURNAL OF OPERATIONAL RESEARCH,158649,6,491,17369,4392,16521,14,0,0,0,135,186,0,0,1,0,0,5269,4048,158649,271,44.7976015815957,7.855593086530207,15.033874482307377,7.199779018350653,11.207435441612581,7.129489816674974,10.85915502776517,9.850156627857983,1329.8697538667134,187.2486622489869,153.55212734829604,69.50353426666764,184.67188699407524,162.38608044871725,776.3243048587744,774.1989254083669
EXPERT SYSTEMS WITH APPLICATIONS,336268,0,95,19792,4402,51775,32,0,0,0,153,1128,1,0,19,0,6,8658,15025,336268,795,35.49291837767469,6.407199224942644,13.165691230033108,6.665373512394426,10.95481426814624,7.426575541849153,12.268816305391306,11.346231867813497,2083.1704886790594,249.97281691110916,215.41505418695732,97.17755468893056,368.66776378180487,339.4407928359746,2203.40506493229,2200.871614196425
IIE TRANSACTIONS,23515,5983,0,1135,713,1276,2,0,0,0,1,0,0,0,1,0,0,88,643,23515,89,28.352383752335868,4.4410765518151845,10.795757236632133,4.944741941586962,8.008963254628064,4.659161384149262,6.767099034831814,5.84026033504377,425.66549061920847,25.80963398436741,71.77626395502425,26.764023693565218,70.45728290801823,54.9764566275718,182.20528588573978,180.04000338826356
INFOR,1439,1568,0,47,128,60,0,0,0,0,0,0,0,0,0,0,0,0,8,1439,7,23.053175974843807,3.3738894985556613,8.437197057217519,3.46135082264133,5.409379874029221,2.484237493175376,3.092428702438064,2.2554871361441324,80.00971934411771,5.797376380305414,20.63000747106124,6.579056523789086,12.341886377215518,5.551419451497669,8.254553795542492,6.716509031969544
INFORMS JOURNAL ON COMPUTING,3070,0,28,385,164,1115,7,0,0,0,18,0,0,0,0,0,0,353,359,3070,50,11.877822792483355,4.831679376633888,6.663140421825084,4.618485019003071,6.009197658547989,4.686594880561839,6.245702019795363,5.8246348862371295,130.15147440360178,42.00621477380999,38.57621790475681,25.952654459369725,47.04263333313235,42.16793558622995,115.35731695387436,114.58648282102014
INTERFACES,14829,0,3,2321,834,744,0,0,0,0,24,1,0,0,0,0,0,311,352,14829,58,24.96833767895393,4.877880279097243,9.2226150338457,4.621379227773468,6.660631256721689,4.163759531280445,5.627742954721686,4.985434851896899,324.55832204608714,41.36573564314596,60.196059684197834,27.19841870715356,53.33575306417714,41.93114432851772,114.50758484324894,112.93360672570842
INTERNATIONAL JOURNAL OF COMPUTER INTEGRATED MANUFACTURING,38117,9305,0,1631,1767,2825,1,0,0,0,1,1,0,0,0,0,0,19,813,38117,98,33.238265381956,4.193835475809508,11.351400905376396,4.80115484888427,8.153817341415131,4.598289725198233,6.979201015046695,6.053632952575305,566.2449933110772,17.916527304501713,84.38172493397994,26.08213051920921,80.74541237505711,61.016011004693105,218.87396596746464,216.09925501994815
INTERNATIONAL JOURNAL OF INFORMATION TECHNOLOGY & DECISION MAKING,18844,3265,2,758,1082,670,1,0,0,0,6,17,1,0,0,0,0,33,323,18844,60,26.960047775598355,4.034274914765387,9.780366180648874,4.3656014765888775,6.965887966806234,3.887072370036308,5.516592291765329,4.662828653092306,372.5581972118647,18.48678847976766,63.39178063744721,21.2966624737725,52.612861744293596,37.55823831953541,107.27865705621413,105.03509742402669
INTERNATIONAL JOURNAL OF PRODUCTION ECONOMICS,141026,16,78,43944,13681,50616,18,0,0,0,74,425,1,1,2,0,0,9201,7511,141026,371,34.73071622325406,7.29127047433975,13.180742124838005,6.871622335121003,11.056645724739127,7.581199781658719,12.644143424227192,11.722434009130371,1241.2420877880193,255.61696098847457,156.45078511473506,84.72238124354615,249.10200879301826,230.28352057977798,1268.043886023575,1266.2853441456557
INTERNATIONAL JOURNAL OF PRODUCTION RESEARCH,353192,255736,15,50737,28655,22363,5,0,0,0,62,4,10,0,3,0,0,4236,5308,353192,445,48.63181221283837,6.243722648283714,14.95886435353492,6.333346920103244,10.550347972504037,6.114525223769844,9.364772907664879,8.271082949490419,2142.967313117845,168.45799801794075,201.86953812348997,72.00633632238412,220.254186014391,187.6106280214797,963.1845168085082,960.2649517105597
INTERNATIONAL JOURNAL OF TECHNOLOGY MANAGEMENT,9972,2,16,1646,973,1551,0,0,0,0,1,5,0,0,0,0,0,724,417,9972,56,17.83200930299112,5.7617121371619335,7.508866985006734,4.8487820217688755,6.1105372021257836,4.70724785031221,6.096359769833237,5.748806227238684,257.84062163325353,61.62901753218809,54.668175894761,31.404282099530448,55.09949008156554,47.052987168227745,130.13892604088787,129.0393905749603
JOURNAL OF GLOBAL OPTIMIZATION,391,721,1,112,23,886,1,0,0,0,13,4,0,0,0,0,0,143,804,391,127,2.835653728518675,2.4391196451638852,2.9867749903340415,2.825436251479605,3.6725877522330492,3.5376899014699132,4.8980214370243225,4.84153892937606,42.42676073192818,26.753230332936173,28.108757512529756,25.103994873184245,62.99031632699482,61.60302550591326,214.69202116943129,214.41527643033712
JOURNAL OF INDUSTRIAL AND MANAGEMENT OPTIMIZATION,206,0,0,66,11,433,0,0,0,0,0,0,0,0,0,0,0,0,313,206,81,2.3775590565640496,1.835919928253303,2.3884676124323345,2.170157366566063,2.768257337313376,2.587418274641777,3.388670151701133,3.3137263093448013,27.608130337013392,6.058303733267887,18.3835993370583,12.861554048306054,36.373643597196775,33.132388280773675,101.40631561301588,100.48784468610576
JOURNAL OF MANUFACTURING SYSTEMS,9877,0,3,2515,993,7016,0,0,0,0,4,87,0,0,0,0,0,737,1779,9877,123,14.15290073445334,4.658601758021951,7.88751896942294,5.143854314970389,7.87952855970181,6.1073424195290675,9.730447808277415,9.166532211349416,257.54284157793126,63.300014391759525,63.31533700281467,40.277548759493406,106.87225001838729,98.90390886255264,403.6010573849379,402.51241343432287
JOURNAL OF OPERATIONS MANAGEMENT,18835,5,503,8600,2643,13994,10,0,0,0,123,205,4,1,1,0,0,4241,1409,18835,53,35.45628311404126,15.178686420822219,14.628817498232417,10.158576101436008,12.775860727609937,10.400640416280266,15.792936240411716,15.192777298092844,376.8433968817495,161.5596366817611,74.77816290530625,53.58806091571513,98.977570062816,92.43702099454897,336.3635737390532,335.60381881580076
JOURNAL OF OPTIMIZATION THEORY AND APPLICATIONS,3465,1278,2,427,98,960,2,0,0,0,9,7,0,0,0,0,1,89,1309,3465,219,5.89064089847865,2.9424055568883847,4.426599596573688,3.387790967674517,4.597213743768475,3.8200353738112276,5.254664599402483,4.964416092265717,139.6462660307734,24.084317483964675,46.15969856193072,28.777829812731348,87.25768617600961,80.26256585193883,316.2147058597353,315.03096850887306
JOURNAL OF QUALITY TECHNOLOGY,0,0,0,0,0,0,0,0,0,0,0,0,0,0,0,0,0,0,228,0,15,1.49628618746801,1.49628618746801,2.5152166609005873,2.5152166609005873,4.415079746615263,4.415079746615263,8.055023190193763,8.055023190193763,2.962013062286725,2.962013062286725,8.773521381157181,8.773521381157181,25.98728493323943,25.98728493323943,76.9746774256222,76.9746774256222
JOURNAL OF SCHEDULING,50,48,0,14,7,53,0,0,0,0,0,0,0,0,0,0,0,0,14,50,3,5.362488724844379,2.4948427283584356,3.92170675255262,2.98465665180133,4.038335152380724,3.378737168731812,4.413331923974975,4.182660842930666,12.151613728985167,3.8819423509589916,7.655527254978323,5.060488903914694,8.1052933586537,6.350415962395227,10.056754957385117,9.474565663648116
JOURNAL OF THE OPERATIONAL RESEARCH SOCIETY,49357,6,21,3353,1292,2747,13,0,0,0,32,7,11,0,0,0,1,942,891,49357,181,29.185772371464747,5.2748454307025465,10.863340877011282,5.092317154097653,7.562995253542858,4.302449121070557,5.64537392241553,4.760232295066708,662.4741348651719,73.44704936945797,94.46216035423565,39.291539834226064,86.44392498036457,69.62327779707392,235.5017604458689,233.54499242571217
M&SOM-MANUFACTURING & SERVICE OPERATIONS MANAGEMENT,6741,67,0,1420,1174,1642,1,0,0,0,16,0,1,1,1,0,0,586,374,6741,42,21.643863911072128,7.217489256820187,10.032163909684698,6.378885829681643,8.30030780073027,6.169361064858019,8.026329426268719,7.427264436009608,205.107468271951,54.887842936359355,48.27255396629053,29.323732059857893,50.94410316256818,44.15353307165141,119.49377992837401,118.52130449276099
MANAGEMENT SCIENCE,43086,27,153,17447,10768,14418,15,0,0,0,333,1193,57,6,9,0,0,8600,2590,43086,174,28.32460457544427,12.170084553129936,12.33873635751635,8.605388370557982,10.219704452889593,8.17555931677307,10.886145266784673,10.352381590402123,614.3327944333236,242.72172696422575,100.7190740774046,69.12121035355645,138.71953064749695,129.7358678077273,544.3527498887613,543.4205329706361
MATHEMATICAL METHODS OF OPERATIONS RESEARCH,4350,1925,0,171,130,156,0,0,0,0,0,0,0,0,0,0,0,0,86,4350,32,18.97379107059909,3.5521837897746518,7.949325032748516,3.792595945908078,5.7003037449634215,3.157711795231121,4.0476809658450055,3.288983317599012,154.87535733651075,7.77917361881146,34.476348187789334,11.282102727111596,26.824266160643646,16.788943903917467,38.79947238457545,36.80598499841169
MATHEMATICAL PROGRAMMING,29046,3749,35,262,176,3532,1,0,0,0,50,12,0,0,2,0,0,2632,1545,29046,137,25.616461946680396,7.706171581927842,11.077031233956559,6.7097517050049245,8.931351179790838,6.466743314159972,8.884076389423191,8.222639272972035,485.4426182528359,124.9166261787258,84.67912967081546,50.01140847536432,105.93538295623787,95.32738469576464,361.90239982602844,360.6786352506715
MATHEMATICS OF OPERATIONS RESEARCH,1861,0,1,151,164,384,1,0,0,0,17,0,0,0,0,0,0,113,271,1861,52,9.513003212757303,4.059350475253982,5.965639204214128,4.235858115556611,5.48350252727991,4.2964615288584636,5.464900254228903,5.063141516784417,97.23014601882414,24.628610870679612,32.29416122962254,20.534630343455227,40.00045973434359,35.07868192964754,92.74458869607243,91.8736335351563
MILITARY OPERATIONS RESEARCH,0,0,0,0,0,31,0,0,0,0,0,0,0,0,0,0,0,0,13,0,19,0.4040592827081729,0.4040592827081729,0.4496141979085088,0.4496141979085088,0.5083137335486612,0.5083137335486612,0.5845316090301566,0.5845316090301566,1.6702776523348104,1.6702776523348104,2.789827435889086,2.789827435889086,4.659786420036066,4.659786420036066,7.783137122039472,7.783137122039472
NAVAL RESEARCH LOGISTICS,4589,3037,0,335,391,260,6,0,0,0,3,0,0,0,1,0,0,43,201,4589,47,14.661896419779701,3.5899636754795363,6.893695922836501,3.848755042728597,5.523048822975337,3.6235372751117136,4.751864883246675,4.170257513378284,162.41948893498733,17.839364742723752,39.61717221563535,18.243347009814357,38.097398940480346,29.50872398413096,74.34058447545945,72.87396379698842
NETWORKS,393,59,0,161,25,366,5,0,0,0,9,0,0,0,1,0,0,66,236,393,59,3.700653774727026,2.5317615203522523,3.1721630714699383,2.728235979280267,3.3738999704146675,3.021703069324157,3.8568902372397043,3.7169251980978344,41.32170904743406,18.636974115484726,22.115263970604236,17.541556043401997,34.053296726706044,31.862457812877068,82.81089260588773,82.35068462634604
NETWORKS & SPATIAL ECONOMICS,3012,1904,0,342,396,1076,0,0,0,0,2,0,0,0,0,0,0,68,474,3012,48,12.9215046060339,4.1190008923288515,7.341790507469919,4.7190593991813135,6.9901800392464395,5.272497430251074,7.78227750038183,7.230114455645169,128.02237721960208,20.967135422389806,38.71722308360498,22.128294123653546,52.89745343807074,46.08899317676834,142.79664430351397,141.61219259366072
OMEGA-INTERNATIONAL JOURNAL OF MANAGEMENT SCIENCE,36153,4,88,6331,1556,9213,6,0,0,0,36,118,2,0,2,0,1,2090,2653,36153,118,29.9207261317541,6.765800570326901,12.145352571643052,6.752126795487488,10.867893797593632,7.873521880496555,13.391621225178454,12.590271130172287,552.5609015645285,111.19239503637188,94.59533496407947,52.85814626071296,138.7558367846625,126.0689360156656,554.5571535262455,553.1020752025262
OPERATIONAL RESEARCH,276,0,1,104,5,376,0,0,0,0,0,1,0,0,0,0,0,31,0,276,24,3.897088272780433,1.8218925699982522,2.391439747277431,1.6451514194903776,1.8757739853504045,1.3117830906356,1.3508822459042449,1.138558519474878,31.131091857924332,10.926433451596095,11.457638487516288,7.026908160544361,6.8082260012283236,4.555863018779817,3.510787040971542,2.9982828120415617
OPERATIONS RESEARCH,7161,1,7,1996,1488,2977,11,0,0,0,109,26,0,0,0,0,1,1029,0,7161,101,12.508466121280833,4.696850573991313,5.723196932695904,3.4744493865392014,3.8205740708595326,2.379507138618904,2.216105805111648,1.7635370008080495,209.5854808788676,70.08925655850686,38.83678552950847,21.933143590426496,16.33909083506339,10.441089493448365,5.201128565463043,4.389144726991764
OPERATIONS RESEARCH LETTERS,2957,0,1,559,310,802,2,0,0,0,9,13,0,0,1,0,0,62,391,2957,126,6.948900181529884,2.9674404080397543,4.501720010812144,3.165265862231963,4.070109260932514,3.1052120855086933,3.8280313669696104,3.480914910416012,126.50578185537353,20.141381032841142,37.62238648815424,21.042531878460878,48.42493145490184,41.59043503878511,123.05158323884966,121.85471426740034
OPTIMAL CONTROL APPLICATIONS & METHODS,410,56,0,59,7,1016,8,0,0,0,5,0,0,0,1,0,0,236,441,410,54,3.621360521158846,2.9819393247038484,3.492161995967519,3.240470154913672,4.29361063813553,4.0873965970489765,5.866317359699686,5.781609236371144,43.317041689884206,33.241245391462776,25.500037057463324,23.64912436785682,46.412779693076274,45.58259435710523,134.2618035045284,134.10256443681354
OPTIMIZATION AND ENGINEERING,138,0,2,60,9,286,0,0,0,0,1,4,0,0,0,0,0,4,148,138,32,3.274657863397994,2.3486570298088814,3.1194928876844177,2.747673816028612,3.5315525394533895,3.2245057462385978,4.25172551807874,4.124894572834518,23.26397966171138,7.693182541217503,15.877472717388248,11.800941496931689,25.58560828632368,23.20445673467407,57.64232041937548,56.987029861401545
OPTIMIZATION LETTERS,416,0,8,97,7,714,1,0,0,0,20,0,0,0,0,0,0,279,437,416,116,3.08035656652992,2.91155421340743,2.9807765716960652,2.925547625182054,3.250752550545533,3.211074481740377,3.7922352264702544,3.7778431413599476,43.735958283184594,36.047584209966104,25.624674139402615,24.233213192835834,46.25799483307455,45.64000564614931,133.3305560009026,133.21357800428953
OPTIMIZATION METHODS & SOFTWARE,2359,1056,0,127,66,506,2,0,0,0,3,0,0,0,1,0,0,58,347,2359,63,8.508918169151974,3.1870976169061307,5.186299729210743,3.5189560329974614,4.869200418345252,3.718403149309336,5.0935304673315995,4.697569034812111,111.06756314686267,19.37840012900191,34.97145288357474,20.179239841198708,45.211453420653974,38.9896553400948,112.14257206418459,111.02505909843148
PROBABILITY IN THE ENGINEERING AND INFORMATIONAL SCIENCES,487,0,0,48,21,82,0,0,0,0,6,4,0,0,2,0,0,15,100,487,35,5.56244561186961,2.7454376824616133,3.970985794267337,2.9589558912452505,3.736199607998483,2.9739536554131054,3.644765447863859,3.359434954411608,45.2055087686457,11.036954868845836,19.913684675214814,12.711262429213559,23.561111430756807,19.95902301188804,43.485766019294516,42.67445640128274
PRODUCTION AND OPERATIONS MANAGEMENT,37604,33135,0,4009,5942,6937,3,0,0,0,50,0,2,0,1,0,0,1396,1517,37604,143,26.063030227807744,5.856487970372317,10.319052924242916,5.6223153646651545,8.286142866857396,5.687651808683995,8.249909172656446,7.559397659195129,564.666895899179,89.62855903905523,90.60244278126802,45.05861251928795,106.66421724083332,92.66688175621748,356.8734409029357,355.2374882581228
PRODUCTION PLANNING & CONTROL,19080,151,0,6349,1886,5371,0,0,0,0,13,0,0,0,1,0,0,886,922,19080,90,22.374778904486632,5.403488126975343,9.321128972095474,5.253107967685773,7.757449623835154,5.449022213049573,7.947839756035355,7.313363365739708,377.926598159304,69.77275233816688,70.77854135505625,37.622101803196145,81.30488909061802,70.43457839337482,241.1784244166291,239.7928268413491
QUALITY AND RELIABILITY ENGINEERING INTERNATIONAL,5739,2735,0,1216,314,1192,5,0,0,0,8,0,0,0,2,0,0,34,1016,5739,144,8.970180134425362,3.22492436039499,5.583622462639932,3.7811912729732438,5.451491298519691,4.208384135454433,6.006411838214168,5.579902383323433,186.03024295835215,17.93642866246234,49.8554673107063,25.694410237343412,78.53920211416786,68.95607245116108,259.2544665553726,257.63739626765204
QUEUEING SYSTEMS,741,144,0,71,35,309,0,0,0,0,3,0,0,0,0,0,0,55,151,741,42,6.08165531195546,2.9808029739434256,4.177683324077965,3.1196108725798775,3.9326561294411047,3.16651297895213,3.9306543323784204,3.655746136657943,57.66624592329679,17.548892722034374,23.727234268935263,16.15730415485577,29.047931962778215,25.558635056544006,59.274465513537834,58.57379755357319
RAIRO-OPERATIONS RESEARCH,1708,1225,0,255,240,207,0,0,0,0,1,0,0,0,0,0,0,3,97,1708,48,8.47894736747484,2.7649839576178663,4.749905800633514,2.9206193030304397,3.8925878055674783,2.6204732174813343,3.1804545688651884,2.7413890602508766,90.73704685175097,8.860770362401334,27.112280303118506,12.215968968934273,26.005132369207512,19.05728817125281,42.962854971682894,41.48236242298818
RELIABILITY ENGINEERING & SYSTEM SAFETY,32483,0,33,6020,1396,13783,9,0,0,0,114,146,11,1,2,0,0,3160,4413,32483,272,17.701629266926417,5.5427608975138245,9.047717406704711,5.725871388175703,8.772747172313048,6.709997314248577,10.755602738229026,10.127249274109493,519.69191856204,139.1814735838925,97.48868172525623,61.7984327213684,178.5656885273394,167.80264987603215,829.9810655830092,828.7646351260876
SAFETY SCIENCE,110031,3,185,21730,4919,28731,10,0,0,0,236,592,14,0,0,0,0,7552,3411,110031,261,36.639448302756925,9.057709793964237,13.49255211677077,7.4223526602059735,10.373375724802612,7.133086341547038,10.083583272956744,9.257482938013418,1070.0852545711075,227.52622927930636,135.75397868281482,71.66579772232814,166.72856033821478,149.50472725424805,677.6232325065658,675.959492687666
SYSTEMS & CONTROL LETTERS,1569,0,0,210,66,1334,12,0,0,0,4,11,0,0,1,0,0,75,1658,1569,124,5.821504646823172,3.25815001967214,5.021613845801114,4.080177063115354,6.103893051829206,5.381152007718229,8.64567419483576,8.369325783455663,89.4510631272116,22.097417127612957,40.75081843340563,29.38153195755257,96.09012775434832,91.19669199235065,380.6719423608034,379.7713111537816
TOP,785,0,0,100,34,297,0,0,0,0,0,0,0,0,0,0,0,0,126,785,50,5.665004774971412,2.5462228140346763,3.8758113479210157,2.7708148874830583,3.5554130628664984,2.728484113979165,3.332014561070858,3.023653510329195,57.19667607752086,6.423639036920185,21.306929825437813,10.713593396818082,25.593204011759703,20.15386910909364,50.61357127490137,49.29123404269843
TRANSPORTATION RESEARCH PART B-METHODOLOGICAL,24034,0,146,4323,1649,9880,2,0,0,0,95,244,1,0,1,0,0,3533,3153,24034,180,19.833003462326865,7.657334744923784,10.125795511016387,6.914669737260894,9.646615123353952,7.710264990397991,11.729189734394238,11.160530698466596,435.23759266050416,147.07878526584778,86.75028736619343,58.86619578439034,148.55253814319815,140.0124985529574,635.5212636568629,634.5377465323705
TRANSPORTATION RESEARCH PART E-LOGISTICS AND TRANSPORTATION REVIEW,25224,2,6,7064,2775,10260,5,0,0,0,10,79,1,0,0,0,0,1330,2047,25224,140,23.351332118045153,5.734623057340988,10.51359382451706,5.963074159451819,9.29601898395818,6.596341418213313,10.342362741354817,9.565164969565954,446.4202258016186,87.05700315654012,82.962951842598,46.464113323099575,119.94957728521685,108.38559374616344,451.554339453302,450.14926355916805
TRANSPORTATION SCIENCE,3088,1,0,693,321,2262,5,0,0,0,24,15,4,0,2,0,0,670,847,3088,63,11.939455374594045,6.212908785217162,7.722182919855226,5.974614158479083,7.931209889193825,6.765955604307847,9.76863855450724,9.38661103120334,131.6355549389302,58.45777444548265,43.38623519130734,33.32150979918906,70.169749123443,66.38980850879427,224.6635372770946,224.08979137538924
