SO,blogs,citeulike,dimensions_citation,f1000,facebook pages,mendeley,news outlets,policy,redditors,tweeters,video uploader,weibo,wikipedia,tweets_count,tweets_origin_count,TC,comments,l1,l2,l3,l4,l5,l6,l7,l8,N,l1_sub,l2_sub,l3_sub,l4_sub,l5_sub,l6_sub,l7_sub,l8_sub
ANNALS OF OPERATIONS RESEARCH,0,0,160,0,1,162,0,0,0,7,0,0,2,8,6,706,11,0.33643159244013615,1.0007954836971038,0.5181869689819978,0.900314399602641,0.625884920326405,1.0964083499057509,0.8962262640619307,1.1915781851064986,82,43.301162326840185,126.98384875297945,99.5364064451825,170.45369625957855,174.84456126156502,299.4170957370395,351.34066125438,459.77001815075994
APPLIED STOCHASTIC MODELS IN BUSINESS AND INDUSTRY,0,3,57,0,6,53,0,0,0,9,0,0,0,9,7,418,15,0.2778109389823332,0.465482354313922,0.3318399667627631,0.4324538472319864,0.35849140911962335,0.4706513085015522,0.4238557226406722,0.48751260323096307,78,37.561695329015684,62.232755373625245,73.07388379987702,94.05873039931994,125.30278786814182,161.28636565492863,228.85926970276589,259.6491880283091
ASIA-PACIFIC JOURNAL OF OPERATIONAL RESEARCH,0,0,36,0,0,21,0,0,0,2,0,0,1,2,2,223,3,0.0998933323977495,0.20826102576022518,0.15151478117634795,0.21509215601254844,0.20183596702550324,0.28323344156561236,0.30204012547403675,0.35650645257742053,63,10.48039338617928,22.825316086866692,24.809288307875022,36.61288184302347,48.34384888605766,71.34455471422658,103.83004527395175,126.13419719200873
COMPUTATIONAL OPTIMIZATION AND APPLICATIONS,0,0,9,0,1,24,0,0,0,13,0,0,0,13,6,469,14,0.13250829618755408,0.1653080180955319,0.11658395896212477,0.13048983846689177,0.10261693036941795,0.11504516389084926,0.09705836762393534,0.10283877991134648,94,31.474123043101244,39.046932412450644,63.52762211760374,70.75860152373407,121.4963526498408,135.32557519345465,238.70858675962072,251.92795550658974
COMPUTERS & OPERATIONS RESEARCH,0,0,614,0,3,1239,1,0,0,42,0,0,2,47,36,3376,53,0.6368744473147007,2.307646384181713,0.9742620374332703,1.8786485870141434,1.1184803343931413,2.1827460095143656,1.548691884390527,2.1752710320317306,214,228.4863555906739,806.0805559268333,524.4276534651435,985.0191451152432,878.2766856031842,1649.644797163616,1721.9355651697174,2359.915429676321
CONCURRENT ENGINEERING-RESEARCH AND APPLICATIONS,0,0,3,0,0,9,1,0,0,0,0,0,0,0,0,166,1,0.06146905027468978,0.1480312842522678,0.07060939693376618,0.10957488010849782,0.06510948353757945,0.10103986384770763,0.06700976950779816,0.08347614313236865,29,4.313900456338712,10.388841568798526,11.992003237955139,18.609737147199343,26.760184523882227,41.52767391054494,66.64976092203521,83.02766929855652
DECISION SUPPORT SYSTEMS,0,5,1193,0,1,5497,5,0,2,184,0,0,1,223,166,1905,230,3.6017767367204554,13.796978616580118,4.570270084136466,9.360137409065867,4.434237327743959,9.579222281143704,5.435386921287316,8.240203807212641,116,662.2787874980909,2357.2193928807064,1010.8210416905382,1907.0138798693106,1123.2279778316877,2119.080683560148,1462.788193064658,2009.1910566648671
DISCRETE EVENT DYNAMIC SYSTEMS-THEORY AND APPLICATIONS,0,0,41,0,1,30,0,0,0,3,0,0,0,3,3,172,4,0.3455188601458964,0.7794743598466076,0.5074565783290569,0.7653433696469668,0.615461566603681,0.9322731652613527,0.8388522943305199,1.034721380731389,25,12.698895083329273,28.43088904618612,26.94384839855155,40.31548408435109,46.73553203219831,69.92934231024923,89.65774651159884,109.6715408725658
DISCRETE OPTIMIZATION,0,0,12,0,0,46,0,0,0,8,0,0,0,8,8,53,8,0.1956842141524978,0.35276428607726634,0.22284834286397565,0.29757728137410633,0.22155756744205135,0.2944444717239697,0.23834644333527766,0.27420598886316505,31,16.567643177548447,33.352459872598274,24.182316946810403,34.310850057320955,29.632500542648568,42.04379113790416,39.62981868190131,47.2050943258132
ENGINEERING OPTIMIZATION,0,0,66,0,1,45,0,0,0,3,0,0,0,5,5,687,6,0.11605345547472112,0.27470730616072764,0.16906785251462486,0.26636856656394226,0.20947499635100456,0.33692762847000784,0.3030789574544018,0.38784334657224706,94,23.169923527334568,51.87392451797187,59.79786766436096,89.47422604375535,126.16551614160996,188.77866972686994,294.40738711738555,360.12629187877934
EUROPEAN JOURNAL OF OPERATIONAL RESEARCH,0,2,1628,0,3,5269,6,0,0,125,0,0,1,156,106,4048,166,1.6199926951362527,6.620298618642429,2.4054939520571295,4.925101263983638,2.5714172368778043,5.329716952095096,3.3274015533861427,4.819352519461504,271,627.8538957047258,2503.2639065997564,1189.28263163505,2374.7018936843424,1594.2247551122546,3183.270691272706,2540.3585984451906,3589.6907608137954
EXPERT SYSTEMS WITH APPLICATIONS,3,7,3082,0,16,8658,2,2,0,137,0,1,11,163,124,15025,196,0.7046365473246436,3.321816513614359,1.1409824667744641,2.5412373522704073,1.3172994307861934,3.0112464728347086,1.9239990026467646,2.9484168492813474,795,995.8640507320989,4531.736600473036,2371.98390113963,5059.924528268085,3868.1852802379794,8251.626653097394,7623.61356809064,11134.661668088012
IIE TRANSACTIONS,0,0,72,0,0,88,0,0,0,2,0,0,0,2,2,643,2,0.08280580874255464,0.3945122670783835,0.16584009462509705,0.3662103909581846,0.22953935427328748,0.5113577252856255,0.3884098077496772,0.58221603282144,89,13.52560581653016,61.45225117806762,42.91339971423083,91.47100635207728,93.25751733790092,198.78077751004363,244.8766702817366,357.5136919601236
INFOR,0,0,0,0,0,0,0,0,0,0,0,0,0,0,0,8,0,0.0,0.0,0.0,0.0,0.0,0.0,0.0,0.0,7,0.0,0.0,0.0,0.0,0.0,0.0,0.0,0.0
INFORMS JOURNAL ON COMPUTING,0,1,206,0,9,353,0,0,0,31,0,0,0,31,24,359,40,1.5211765607655474,3.691568075092285,2.005582025500286,3.1235984849586513,2.1442889116498303,3.3398274730697666,2.5835007442841285,3.2248817927632856,50,95.89806088931378,229.13725771814117,148.73621210931972,229.91095205826332,185.54623105647724,286.81052198413613,258.091257018279,320.88156287375716
INTERFACES,2,0,89,0,11,311,1,2,0,24,0,0,0,30,24,352,44,0.67220052249755,1.5270062112714486,0.7268853720901076,1.1135890716694141,0.6626831196359041,1.0299037265340494,0.6912601673458489,0.8671239546648283,58,98.61255615837675,215.60324915442175,149.46868503518863,221.00991436565934,186.31054658217445,275.4856506287694,256.08848548289996,311.40158801991834
INTERNATIONAL JOURNAL OF COMPUTER INTEGRATED MANUFACTURING,0,0,11,0,0,19,0,0,0,1,0,0,0,1,1,813,1,0.0285346891877272,0.09265622170710094,0.044281431119024925,0.07979439172993917,0.05119113869123795,0.09224556818976251,0.06856549440253976,0.09204092444412547,98,6.882858310268541,22.349626497740044,26.289779188867577,47.373738519232724,74.80483812059434,134.79705613500116,246.60967822055002,331.04381377357896
INTERNATIONAL JOURNAL OF INFORMATION TECHNOLOGY & DECISION MAKING,0,0,15,0,0,33,1,0,0,9,0,0,0,9,9,323,10,0.2026587717709417,0.3231518877238581,0.2148726552240694,0.27175954470829333,0.20695072807201295,0.2624400739370564,0.2110754257328933,0.2379416934591058,60,25.441533932276958,41.01558105002492,50.97811784458072,64.72716488271999,90.65106430773692,115.10009851932382,171.11485549594764,192.81424175029605
INTERNATIONAL JOURNAL OF PRODUCTION ECONOMICS,2,5,2111,0,10,9201,2,3,0,77,0,0,1,89,57,7511,104,1.0467874055868802,6.425608432820666,1.771108812255982,4.451008225882551,1.947683672062803,4.9617426156510875,2.738372663011824,4.398921120304337,371,599.9658928668617,3604.518332498513,1412.0804705268843,3461.144928880102,2122.815069977363,5203.223731053308,3993.051964425205,6251.51289240784
INTERNATIONAL JOURNAL OF PRODUCTION RESEARCH,0,0,1213,0,8,4236,3,0,0,74,0,0,3,80,47,5308,94,0.5827590435552651,2.8008564805799168,0.9186522567697872,2.061123879293642,1.027107817777002,2.355133307789523,1.4388331002958148,2.200896294067735,445,451.0805333720101,2069.1183125923285,1010.6823870408232,2164.613272204012,1547.3640396295334,3314.042848733262,2865.904451016044,4194.155390668802
INTERNATIONAL JOURNAL OF TECHNOLOGY MANAGEMENT,0,0,113,0,0,724,0,0,0,35,0,0,0,35,20,417,35,1.1580439603078825,3.955141587306053,1.3812755908763428,2.589442021836389,1.2584593701958433,2.3940517471817935,1.3826498311169375,1.9205285197784419,56,105.2969400886523,353.7398274040792,172.8340683589334,316.7841597723783,209.54432470713206,384.0696655914145,295.6010544684747,400.1962650395678
JOURNAL OF GLOBAL OPTIMIZATION,0,0,224,0,1,143,0,0,0,22,0,0,0,23,21,804,24,0.2912648075919963,0.6343434308521637,0.44706501314279473,0.6615292889356442,0.5947693155885011,0.8784072094876846,0.8828082210420566,1.0690811040440893,127,69.2221624589177,141.34976167303708,139.71856730786288,199.6544906453665,235.91231128741418,337.1130498588297,435.5152101535389,520.613956868714
JOURNAL OF INDUSTRIAL AND MANAGEMENT OPTIMIZATION,0,0,0,0,0,0,0,0,0,0,0,0,0,0,0,313,0,0.0,0.0,0.0,0.0,0.0,0.0,0.0,0.0,81,0.0,0.0,0.0,0.0,0.0,0.0,0.0,0.0
JOURNAL OF MANUFACTURING SYSTEMS,0,0,332,0,5,737,0,0,0,5,0,0,0,5,5,1779,10,0.2889061592161492,1.4367738580612994,0.5376971560666024,1.2032443510115567,0.6947200728176268,1.5572433520665516,1.1123120087415517,1.6660008534996775,123,66.60835177874793,371.9766529608153,187.74305338932274,443.6672526681435,344.23285406014423,813.478005613729,782.5536706022132,1202.9868544530423
JOURNAL OF OPERATIONS MANAGEMENT,4,3,926,0,2,4241,1,0,0,70,0,0,0,121,93,1409,128,5.706200764895223,24.541573719404415,7.789067593851159,16.606832064652977,7.696938697622403,16.858095560543084,9.52386702358061,14.280084458731382,53,416.48736900416395,1689.2936751370423,672.886847643956,1355.169754218834,766.0487601496833,1542.7944737611983,1038.923819657103,1474.3803490041266
JOURNAL OF OPTIMIZATION THEORY AND APPLICATIONS,0,0,101,0,1,89,0,0,0,25,0,0,0,25,23,1309,26,0.14314552013139237,0.26043456265714776,0.1916122615963625,0.2630472971093637,0.23109567884172305,0.32251044515379096,0.309747963906779,0.3688087131388541,219,72.81987672997212,119.12875495675252,159.45685682635946,203.9513248833976,308.7413458536668,394.89180826954237,635.7219688845511,718.9668817301889
JOURNAL OF QUALITY TECHNOLOGY,0,0,0,0,0,0,0,0,0,0,0,0,0,0,0,228,0,0.0,0.0,0.0,0.0,0.0,0.0,0.0,0.0,15,0.0,0.0,0.0,0.0,0.0,0.0,0.0,0.0
JOURNAL OF SCHEDULING,0,0,0,0,0,0,0,0,0,0,0,0,0,0,0,14,0,0.0,0.0,0.0,0.0,0.0,0.0,0.0,0.0,3,0.0,0.0,0.0,0.0,0.0,0.0,0.0,0.0
JOURNAL OF THE OPERATIONAL RESEARCH SOCIETY,1,0,379,0,0,942,7,1,0,51,0,0,0,67,58,891,75,0.6359077169146039,1.919328117450735,0.8085326147053166,1.4445099964215387,0.8340563406238938,1.531303294948963,1.0509112987145157,1.4417476363479256,181,204.0903541997558,561.5886671586829,334.80024530898754,555.3716356984239,426.4322989549248,707.3722516740295,616.4017994529529,793.8946254016088
M&SOM-MANUFACTURING & SERVICE OPERATIONS MANAGEMENT,0,0,278,0,18,586,5,0,0,24,0,0,1,25,20,374,49,1.9453620503877573,5.61648690857681,2.390351987672183,4.15823602979901,2.347337527716667,4.175922690773087,2.731069364351473,3.681139364373612,42,120.85691150220053,326.10098158072776,181.47073410906856,298.08965424185175,212.60405664479447,349.2302494217707,281.9821221020105,361.4029790742493
MANAGEMENT SCIENCE,22,5,2984,0,34,8600,125,7,0,404,1,2,7,474,305,2590,664,6.201118994946553,18.428152918311334,7.353066755774016,13.09991070319439,6.993459546251604,12.868854693225769,8.02496311857675,11.058626453871687,174,1454.9916155390852,4053.1496539136624,1910.2351298860983,3188.2539176039722,1941.244004304,3240.008889437864,2242.2805290925057,2896.8298230382943
MATHEMATICAL METHODS OF OPERATIONS RESEARCH,0,0,0,0,0,0,0,0,0,0,0,0,0,0,0,86,0,0.0,0.0,0.0,0.0,0.0,0.0,0.0,0.0,32,0.0,0.0,0.0,0.0,0.0,0.0,0.0,0.0
MATHEMATICAL PROGRAMMING,5,1,1255,0,2,2632,1,0,0,123,0,0,0,128,110,1545,136,1.8941836262259206,6.14877696939627,2.8288210922030887,5.160929267981935,3.384296043574638,6.309762855226086,4.886381585308678,6.755710200345418,137,399.9136415991827,1308.1724822417086,650.1957611301041,1175.9626524788207,786.0448945643863,1421.663281182798,1102.0160443940813,1482.0491791527784
MATHEMATICS OF OPERATIONS RESEARCH,0,1,64,0,9,113,0,0,0,20,0,0,0,21,19,271,30,0.6381530564914788,1.1476741650914857,0.7037492033465657,0.9391008331832621,0.6938197416675961,0.9219960141070783,0.7490824261089262,0.8619670235764059,52,60.74105064697317,103.24408393361814,94.33045015302646,122.98250778993872,128.29974561677716,167.26968268640468,186.46509341468345,212.90862830805074
MILITARY OPERATIONS RESEARCH,0,0,0,0,0,0,0,0,0,0,0,0,0,0,0,13,0,0.0,0.0,0.0,0.0,0.0,0.0,0.0,0.0,19,0.0,0.0,0.0,0.0,0.0,0.0,0.0,0.0
NAVAL RESEARCH LOGISTICS,0,0,24,0,0,43,0,0,0,2,0,0,1,3,3,201,4,0.18325110003240838,0.47767986285076863,0.2542065351043109,0.4119616637228165,0.28517179065852655,0.46365107119553606,0.36988288688806314,0.4722726714203453,47,14.078905613884814,36.40258990150903,30.81740817528948,49.553895821169334,53.19642871839091,85.5390002876075,103.40445915141467,131.1233734229299
NETWORKS,0,0,59,0,1,66,0,0,0,12,0,0,0,12,9,236,13,0.3224756777923238,0.6426198839353551,0.4016023573364589,0.5732861652511969,0.4325496727063233,0.6228069338359038,0.5109837203287564,0.6155457025630123,59,32.12604024592809,61.53149008764592,57.365519278879844,79.39095860638393,87.07321917810908,120.50490305661606,143.35019960235059,168.6391328291313
NETWORKS & SPATIAL ECONOMICS,0,0,52,0,0,68,0,0,0,7,2,0,0,7,4,474,7,0.24608339473959348,0.5528176967235888,0.3175699747380836,0.4866800726956488,0.34900078867725365,0.5456921654458409,0.44341234584761396,0.5593263776274737,48,25.628092031098724,63.63273996749364,59.54596464368624,93.82844302206662,110.21667579246252,173.67187090773214,228.5666299476528,286.9154349460222
OMEGA-INTERNATIONAL JOURNAL OF MANAGEMENT SCIENCE,0,4,916,0,3,2090,2,0,0,36,0,0,2,41,33,2653,48,1.1512155614372814,5.601723394490359,1.929380907963013,4.437486967389785,2.3145908106993103,5.545528700926603,3.563457345957293,5.623555080675619,118,227.78307402979834,1030.5841743209887,508.18360782816995,1080.9401836346794,777.3728162220846,1653.5234544673333,1436.0954290844297,2094.4683632611495
OPERATIONAL RESEARCH,0,0,14,0,2,31,0,0,0,0,0,0,0,0,0,0,2,0.0,0.0,0.0,0.0,0.0,0.0,0.0,0.0,24,0.0,0.0,0.0,0.0,0.0,0.0,0.0,0.0
OPERATIONS RESEARCH,4,24,450,0,39,1029,3,0,1,126,0,0,0,133,69,0,179,0.0,0.0,0.0,0.0,0.0,0.0,0.0,0.0,101,0.0,0.0,0.0,0.0,0.0,0.0,0.0,0.0
OPERATIONS RESEARCH LETTERS,0,1,46,0,0,62,1,0,0,15,0,0,1,16,12,391,18,0.17455602549197916,0.2882780171437602,0.19099413716303565,0.24449717139849497,0.19224446126387215,0.24452655926683486,0.21093231618154973,0.23690571115914674,126,42.665534670687585,69.97209324302393,78.96925536791029,101.13043604086914,129.15968433005264,165.4058295768996,224.72524685279717,254.31020302883599
OPTIMAL CONTROL APPLICATIONS & METHODS,1,0,159,0,0,236,0,0,0,5,1,0,1,5,5,441,7,0.4316898947103397,1.7678684456653018,0.7467978311728216,1.5069723086406828,0.9275712475284676,1.8631114972201592,1.3937146846234398,1.9694522504278593,54,32.398801310606665,132.32884676638918,74.19882918018014,149.9546180520241,119.531884357177,241.57197979893616,229.5943400903322,326.39430615642016
OPTIMIZATION AND ENGINEERING,0,0,10,0,1,4,0,0,0,4,0,0,0,4,2,148,5,0.14290003374913335,0.1311654004859512,0.14370379726033755,0.13781486137382531,0.1488699493509731,0.14289124648518783,0.1523748051214117,0.1493502817831611,32,9.415564091467337,8.611570051547082,18.539784688175654,17.73056943210584,37.329659595784776,35.700313270739905,74.32892855528154,72.68869488489602
OPTIMIZATION LETTERS,0,0,212,0,1,279,0,0,0,58,0,0,0,58,57,437,59,0.7046561795768053,1.332777815593351,0.8855408627525649,1.2130096578923306,0.9782820988194239,1.3358520110313676,1.187021988895968,1.385239348663618,116,120.15126152687577,223.68105976426966,179.33052507980932,244.68348553389313,229.14209846129256,312.64776205337824,316.44130107744286,369.630994394851
OPTIMIZATION METHODS & SOFTWARE,0,0,20,0,1,58,0,0,0,9,0,0,0,9,6,347,10,0.16790766026559384,0.4089155820351731,0.1989362186172841,0.31388417373395755,0.19183800261756112,0.3063097154099509,0.21139568741151843,0.26878676839900184,63,28.890262883351415,58.360995470268065,58.72423779794223,83.46472894691529,100.1245285657962,142.3069408995324,186.39530952341937,222.21725516290982
PROBABILITY IN THE ENGINEERING AND INFORMATIONAL SCIENCES,0,0,27,0,2,15,0,0,0,10,0,0,0,10,10,100,12,0.22432390030656243,0.27786217817700376,0.2774397409678604,0.29920373339677275,0.3390697006930751,0.35468257261852704,0.4259728190220634,0.42937807204747175,35,19.174630310283657,20.964813563147374,29.301560515835224,30.638870628004057,43.788845965934804,45.78734930430825,66.17314105128668,67.66635005991404
PRODUCTION AND OPERATIONS MANAGEMENT,2,0,608,0,9,1396,11,5,0,48,0,0,1,52,34,1517,75,0.9718427563616164,3.3053904862852117,1.3229519098936198,2.5521290977554587,1.4198837247274823,2.8576648894302887,1.8964380889652281,2.743405136669513,143,245.5901576256781,790.9346825519082,448.1215415927565,804.1936736347391,610.3771531751115,1095.375695107046,962.2588744026448,1289.0635862816816
PRODUCTION PLANNING & CONTROL,1,0,200,0,1,886,0,0,0,16,0,0,1,25,15,922,28,0.7952018095593647,3.3287800221446773,1.1778052273426864,2.4654464804717553,1.2600279807368169,2.703529023308256,1.6700221912558555,2.4785251906445875,90,112.39001971402611,447.54635417966534,226.06968300170487,451.1255904042565,321.90619468461927,642.368849302059,544.7912549768207,769.5869535383894
QUALITY AND RELIABILITY ENGINEERING INTERNATIONAL,0,0,60,0,2,34,0,0,0,7,0,0,1,7,6,1016,10,0.08365116412203184,0.1394445357472355,0.09131225251135426,0.11702563420163924,0.0901112641021457,0.11469578668874456,0.0959884060589599,0.10792781657816758,144,32.186557175092844,52.512910780674204,81.10605290173675,103.59744627855208,180.8356770382833,230.98293736370437,428.6362652306686,484.4364399604181
QUEUEING SYSTEMS,0,0,65,0,1,55,0,0,0,9,0,0,0,9,9,151,10,0.3147700282966627,0.6744726964413331,0.43486567935781634,0.6398605935395206,0.5106810214056133,0.7531712845589019,0.6742894362700597,0.8189757021620393,42,24.202929031689475,47.86444231391607,41.65463341858544,58.57817737129976,60.45363747356407,85.01488569304394,95.54318007324324,113.3015787164929
RAIRO-OPERATIONS RESEARCH,0,0,1,0,0,3,0,0,0,2,0,0,0,2,2,97,2,0.045186323799904116,0.05314268752607462,0.04518632379990411,0.04900329260519474,0.04339082266635044,0.0470561223107023,0.042520006402060544,0.04427947338153346,48,4.714076165921637,5.54412608932398,10.245778031440935,11.111257049055222,21.383764591259386,23.190089061157693,45.54366218643558,47.428247268187114
RELIABILITY ENGINEERING & SYSTEM SAFETY,0,1,795,0,2,3160,6,1,0,116,0,0,1,125,60,4413,134,0.9224997564139159,3.279426788319748,1.1876544244416096,2.312733647928988,1.1703684997455914,2.343598356948955,1.4051549991591097,2.0128035428096465,272,507.1624381678743,1795.4776140727354,1020.1708426064313,1919.5055125998729,1496.0306947502208,2814.8610464644566,2569.4325163219855,3524.483195881016
SAFETY SCIENCE,6,4,1493,0,10,7552,19,23,0,230,1,0,0,268,147,3411,303,2.1451592483922393,7.636476258113002,2.7148049351085626,5.252298157147719,2.6267148416531607,5.197354753850944,3.085258790704643,4.3843706310356065,261,935.5226727162187,3386.117765731944,1518.2459644339913,2888.457660614184,1786.3560218038906,3398.5361111678158,2468.453035885648,3404.7623522345034
SYSTEMS & CONTROL LETTERS,0,0,54,0,1,75,0,0,0,9,0,0,1,9,9,1658,11,0.11090794497874802,0.2922870797666233,0.1588849009230813,0.2649599025368496,0.18705547130794092,0.32031586319905125,0.2605591520440831,0.3453596143819194,124,44.031630626544136,94.89256812203955,120.06132646394559,176.25313596658367,270.1933448085096,396.6508262267225,669.3135032946141,810.9544191160848
TOP,0,0,0,0,0,0,0,0,0,0,0,0,0,0,0,126,0,0.0,0.0,0.0,0.0,0.0,0.0,0.0,0.0,50,0.0,0.0,0.0,0.0,0.0,0.0,0.0,0.0
TRANSPORTATION RESEARCH PART B-METHODOLOGICAL,0,0,1460,0,3,3533,3,3,0,98,0,0,1,109,79,3153,116,1.7812558281530904,7.075344816349322,2.760105428274332,5.563984093313781,3.111318470119396,6.335803645417502,4.2513336422996995,6.094369748767665,180,444.6807353586951,1743.9040025521797,860.798519704929,1704.6634172340503,1184.0938977065819,2344.894308928874,1932.213254138594,2719.0902441906455
TRANSPORTATION RESEARCH PART E-LOGISTICS AND TRANSPORTATION REVIEW,0,0,390,0,1,1330,1,1,0,10,0,1,0,11,10,2047,14,0.40261318426730713,2.4583722736053684,0.720371940631864,1.7854600683813142,0.8448657405194864,2.1029456952560937,1.2674658519838025,2.0049899584538737,140,94.3345361069854,583.1229848302993,255.6634702536825,635.6431930371526,439.4346315562748,1092.5441638431018,948.4317006488635,1495.4724682811222
TRANSPORTATION SCIENCE,0,1,321,0,7,670,6,0,0,40,0,0,2,41,29,847,56,1.73832977521032,4.856367504255011,2.3073290250980767,3.902987187212321,2.4354294050991174,4.159440586222388,2.987136393795017,3.918778126635257,63,158.381502568678,427.4242606063705,272.6738784401532,447.94107778414576,366.2637474220868,601.6879163932044,556.9788093514042,713.883509534325
