doi,altmetric_id,tweet_id,tweet_url,postedAt,postType,originalPost,has_plumx
10.1007/s10479-015-1802-z,848433,226166841234583553,http://twitter.com/chinkayu/statuses/226166841234583553,2012-07-20T04:09:11.000Z,tweet,True,False
10.1007/s10479-012-1094-5,622239,173906045914189824,http://twitter.com/#!/MT5_info/status/173906045914189824,2012-02-26T23:03:27.000Z,tweet,True,False
10.1080/0305215X.2014.958733,2733845,783847856801128448,http://twitter.com/Kanazaki_M/statuses/783847856801128448,2016-10-06T01:54:26.000Z,tweet,True,False
10.1080/0305215X.2014.928817,2868709,531770968205983744,https://twitter.com/Francesca_Farr/status/531770968205983744,2014-11-10T11:30:53.000Z,tweet,True,False
10.1080/0305215X.2014.892595,3390040,563567253552001024,https://twitter.com/GarryRiviere/status/563567253552001024,2015-02-06T05:17:58.000Z,tweet,True,False
10.1016/j.ejor.2015.05.034,7526645,636565663570464768,http://twitter.com/City_Research/statuses/636565663570464768,2015-08-26T15:47:35.000Z,tweet,True,False
10.1016/j.ejor.2015.04.013,4242977,617360998920527872,https://twitter.com/ORMS_Elsevier/status/617360998920527872,2015-07-04T15:55:06.000Z,tweet,True,False
10.1016/j.ejor.2015.04.037,4005777,609006809035206656,https://twitter.com/siskoslefteris/status/609006809035206656,2015-06-11T14:38:32.000Z,tweet,True,False
10.1016/j.ejor.2015.04.002,4592135,995512594516459520,http://twitter.com/hayataka88/statuses/995512594516459520,2018-05-13T03:54:32.000Z,tweet,True,False
10.1016/j.ejor.2015.03.029,3857511,583143417124761601,https://twitter.com/MathPaper/status/583143417124761601,2015-04-01T05:46:39.000Z,tweet,True,False
10.1016/j.ejor.2015.03.029,3857511,583065448947662848,https://twitter.com/mathOCb/status/583065448947662848,2015-04-01T00:36:50.000Z,tweet,True,False
10.1016/j.ejor.2015.02.043,4512335,591187384055820288,https://twitter.com/mluebbecke/status/591187384055820288,2015-04-23T10:30:30.000Z,tweet,True,False
10.1016/j.ejor.2015.02.029,4512341,590775662698455040,https://twitter.com/kamiloski/status/590775662698455040,2015-04-22T07:14:28.000Z,tweet,True,False
10.1016/j.ejor.2015.02.029,4512341,590749168362254337,https://twitter.com/kamiloski/status/590749168362254337,2015-04-22T05:29:11.000Z,tweet,True,False
10.1016/j.ejor.2015.02.016,7999825,892708294413996032,http://twitter.com/ucl_discovery/statuses/892708294413996032,2017-08-02T11:26:57.000Z,tweet,True,False
10.1016/j.ejor.2015.01.046,4077445,614742335746916354,https://twitter.com/KathyKotiadis/status/614742335746916354,2015-06-27T10:29:28.000Z,tweet,True,False
10.1016/j.ejor.2014.10.043,4483196,641095301269295104,http://twitter.com/Edu_Economist/statuses/641095301269295104,2015-09-08T03:46:45.000Z,tweet,True,False
10.1016/j.ejor.2014.11.006,3760401,573746696972275712,https://twitter.com/BibliotecaCN/status/573746696972275712,2015-03-06T07:27:26.000Z,tweet,True,False
10.1016/j.ejor.2014.10.024,2880562,593543494892789760,https://twitter.com/Portsmouth_IR/status/593543494892789760,2015-04-29T22:32:51.000Z,tweet,True,False
10.1016/j.ejor.2014.10.024,2880562,593386993922355200,https://twitter.com/Portsmouth_IR/status/593386993922355200,2015-04-29T12:10:58.000Z,tweet,True,False
10.1016/j.ejor.2014.10.024,2880562,532547547047288833,https://twitter.com/Portsmouth_IR/status/532547547047288833,2014-11-12T14:56:44.000Z,tweet,True,False
10.1016/j.ejor.2014.11.011,2636340,510288916855799808,https://twitter.com/RePEc_NEP_RMG/status/510288916855799808,2014-09-12T04:48:53.000Z,tweet,True,False
10.1016/j.ejor.2014.11.011,2636340,505759549165289472,https://twitter.com/NickatFP/status/505759549165289472,2014-08-30T16:50:47.000Z,tweet,True,False
10.1016/j.ejor.2014.11.011,2636340,505702127105495040,https://twitter.com/Jonathandr3s/status/505702127105495040,2014-08-30T13:02:37.000Z,tweet,True,False
10.1016/j.ejor.2014.11.011,2636340,505549650053853184,https://twitter.com/IAMM0NEY/status/505549650053853184,2014-08-30T02:56:43.000Z,tweet,True,False
10.1016/j.ejor.2014.11.011,2636340,505549224876855296,https://twitter.com/quantivity/status/505549224876855296,2014-08-30T02:55:02.000Z,tweet,True,False
10.1016/j.ejor.2014.11.011,2636340,505163322988036096,https://twitter.com/QFinancePapers/status/505163322988036096,2014-08-29T01:21:36.000Z,tweet,True,False
10.1016/j.ejor.2014.09.047,4916051,679650553568215041,http://twitter.com/wrro/statuses/679650553568215041,2015-12-23T13:11:33.000Z,tweet,True,False
10.1016/j.ejor.2014.09.047,4916051,534698124204183553,https://twitter.com/City_Research/status/534698124204183553,2014-11-18T13:22:21.000Z,tweet,True,False
10.1016/j.ejor.2014.07.045,2570395,496456197248417794,https://twitter.com/dbworld_/status/496456197248417794,2014-08-05T00:42:35.000Z,tweet,True,False
10.1016/j.eswa.2015.07.027,4594626,651657239909023744,http://twitter.com/MahasiswaMinang/statuses/651657239909023744,2015-10-07T07:16:07.000Z,tweet,True,False
10.1016/j.eswa.2015.08.013,4427470,640172674682105856,http://twitter.com/jtorres_phd/statuses/640172674682105856,2015-09-05T14:40:34.000Z,tweet,True,False
10.1016/j.eswa.2015.08.026,33450884,1041504778159742976,http://twitter.com/verif_papers/statuses/1041504778159742976,2018-09-17T01:51:03.000Z,tweet,True,False
10.1016/j.eswa.2015.08.014,4859560,750129468790956032,http://twitter.com/mining_papers/statuses/750129468790956032,2016-07-05T00:49:36.000Z,tweet,True,False
10.1016/j.eswa.2015.08.014,4859560,676914940549193728,http://twitter.com/bilbosurordi/statuses/676914940549193728,2015-12-16T00:01:12.000Z,tweet,True,False
10.1016/j.eswa.2015.08.014,4859560,674766486569922560,http://twitter.com/mining_papers/statuses/674766486569922560,2015-12-10T01:44:01.000Z,tweet,True,False
10.1016/j.eswa.2015.04.031,7526318,619142024139112449,https://twitter.com/City_Research/status/619142024139112449,2015-07-09T13:52:16.000Z,tweet,True,False
10.1016/j.eswa.2015.07.041,4511654,640955600914935808,http://twitter.com/hirameredin/statuses/640955600914935808,2015-09-07T18:31:38.000Z,tweet,True,False
10.1016/j.eswa.2015.06.020,4307965,624145614125711361,https://twitter.com/Portsmouth_IR/status/624145614125711361,2015-07-23T09:14:45.000Z,tweet,True,False
10.1016/j.eswa.2015.05.025,5169828,864194091994763265,http://twitter.com/GeekyOT/statuses/864194091994763265,2017-05-15T19:01:42.000Z,tweet,True,False
10.1016/j.eswa.2015.06.043,21509048,618056572380430336,https://twitter.com/SINGgroup/status/618056572380430336,2015-07-06T13:59:04.000Z,tweet,True,False
10.1016/j.eswa.2015.05.023,4512148,605316257924014081,https://twitter.com/PauloCortez4/status/605316257924014081,2015-06-01T10:13:36.000Z,tweet,True,False
10.1016/j.eswa.2015.05.026,12100949,778206859081687045,http://twitter.com/RUA_Alicante/statuses/778206859081687045,2016-09-20T12:19:08.000Z,tweet,True,False
10.1016/j.eswa.2015.04.051,4512185,603137029946224640,https://twitter.com/PauloCortez4/status/603137029946224640,2015-05-26T09:54:08.000Z,tweet,True,False
10.1016/j.eswa.2015.04.060,4455253,638379624196644864,http://twitter.com/GreenCab3/statuses/638379624196644864,2015-08-31T15:55:37.000Z,tweet,True,False
10.1016/j.eswa.2015.04.069,4190371,611994269189046272,https://twitter.com/PetrosXanthopou/status/611994269189046272,2015-06-19T20:29:38.000Z,tweet,True,False
10.1016/j.eswa.2015.03.017,3884349,725693207212781568,http://twitter.com/RiuNetUPV/statuses/725693207212781568,2016-04-28T14:28:37.000Z,tweet,True,False
10.1016/j.eswa.2015.03.007,2574418,496817714246463488,https://twitter.com/StatMLPapers/status/496817714246463488,2014-08-06T00:39:08.000Z,tweet,True,False
10.1016/j.eswa.2015.02.056,9843441,755319688213565440,http://twitter.com/RiuNetUPV/statuses/755319688213565440,2016-07-19T08:33:41.000Z,tweet,True,False
10.1016/j.eswa.2015.02.057,3809146,578589831334371328,https://twitter.com/AntoninDanalet/status/578589831334371328,2015-03-19T16:12:20.000Z,tweet,True,False
10.1016/j.eswa.2015.02.040,43901755,1009321914731581441,http://twitter.com/j_dreo/statuses/1009321914731581441,2018-06-20T06:27:51.000Z,tweet,True,False
10.1016/j.eswa.2015.01.057,4113664,607863021239681024,https://twitter.com/BibEUETIB/status/607863021239681024,2015-06-08T10:53:32.000Z,tweet,True,False
10.1016/j.eswa.2015.01.041,3263051,600277715892207616,https://twitter.com/kueprints/status/600277715892207616,2015-05-18T12:32:14.000Z,tweet,True,False
10.1016/j.eswa.2015.01.020,3083261,815322671802155009,http://twitter.com/Buzz_Ed/statuses/815322671802155009,2016-12-31T22:24:07.000Z,tweet,True,False
10.1016/j.eswa.2014.11.035,2950386,540775745451474945,https://twitter.com/nlpbot/status/540775745451474945,2014-12-05T07:52:39.000Z,tweet,True,False
10.1016/j.eswa.2014.10.006,5070369,694118644050100224,http://twitter.com/RiuNetUPV/statuses/694118644050100224,2016-02-01T11:22:35.000Z,tweet,True,False
10.1080/0740817X.2015.1027458,4545152,646739151103094784,http://twitter.com/jpazour/statuses/646739151103094784,2015-09-23T17:33:24.000Z,tweet,True,False
10.1080/0740817X.2014.955599,3726949,568858350571499520,https://twitter.com/NanoQC/status/568858350571499520,2015-02-20T19:42:54.000Z,tweet,True,False
10.1287/ijoc.2014.0607,2707636,514449085949288448,https://twitter.com/INFORMS/status/514449085949288448,2014-09-23T16:19:54.000Z,tweet,True,False
10.1287/ijoc.2014.0610,2774007,522063394493718529,https://twitter.com/INFORMS/status/522063394493718529,2014-10-14T16:36:27.000Z,tweet,True,False
10.1287/ijoc.2014.0636,7999861,810867080593637376,http://twitter.com/ucl_discovery/statuses/810867080593637376,2016-12-19T15:19:11.000Z,tweet,True,False
10.1287/ijoc.2015.0643,4420905,634711693109633025,http://twitter.com/INFORMS/statuses/634711693109633025,2015-08-21T13:00:34.000Z,tweet,True,False
10.1287/ijoc.2014.0623,1959580,770750617958526976,http://twitter.com/piggybox/statuses/770750617958526976,2016-08-30T22:30:41.000Z,tweet,True,False
10.1287/ijoc.2014.0623,1959580,579033436171608064,https://twitter.com/YhatHQ/status/579033436171608064,2015-03-20T21:35:03.000Z,tweet,True,False
10.1287/ijoc.2014.0623,1959580,578417541502087168,https://twitter.com/iaindunning/status/578417541502087168,2015-03-19T04:47:43.000Z,tweet,True,False
10.1287/ijoc.2014.0623,1959580,578187655927738369,https://twitter.com/INFORMS/status/578187655927738369,2015-03-18T13:34:14.000Z,tweet,True,False
10.1287/ijoc.2014.0623,1959580,551321337873301504,https://twitter.com/figuerosky/status/551321337873301504,2015-01-03T10:17:04.000Z,tweet,True,False
10.1287/ijoc.2014.0623,1959580,408946229989474304,http://twitter.com/stephenjaoates/status/408946229989474304,2013-12-06T13:09:13.000Z,tweet,True,False
10.1287/ijoc.2014.0623,1959580,408901186528759808,http://twitter.com/walkingrandomly/status/408901186528759808,2013-12-06T10:10:14.000Z,tweet,True,False
10.1287/ijoc.2014.0623,1959580,408772563478007808,http://twitter.com/arXiv_cs/status/408772563478007808,2013-12-06T01:39:08.000Z,tweet,True,False
10.1080/0951192X.2014.924159,5970349,915992500397072385,http://twitter.com/LboroOAEng/statuses/915992500397072385,2017-10-05T17:30:05.000Z,tweet,True,False
10.1142/S0219622014500564,617162,239679595102752768,http://twitter.com/Anaconda_OPS/statuses/239679595102752768,2012-08-26T11:04:03.000Z,tweet,True,False
10.1142/S0219622014500564,617162,193495164042493953,http://twitter.com/#!/candidusflumen/status/193495164042493953,2012-04-21T00:23:36.000Z,tweet,True,False
10.1142/S0219622014500564,617162,177442967815061504,http://twitter.com/#!/OptiriskS/status/177442967815061504,2012-03-07T17:17:54.000Z,tweet,True,False
10.1142/S0219622014500564,617162,175491567107317760,http://twitter.com/#!/cj_forex/status/175491567107317760,2012-03-02T08:03:44.000Z,tweet,True,False
10.1142/S0219622014500564,617162,172508723602927616,http://twitter.com/#!/bgcswall/status/172508723602927616,2012-02-23T02:30:59.000Z,tweet,True,False
10.1016/j.ijpe.2015.11.005,6251425,711889175969071105,http://twitter.com/GALAeprints/statuses/711889175969071105,2016-03-21T12:16:20.000Z,tweet,True,False
10.1016/j.ijpe.2015.09.020,4751657,664636647548452864,http://twitter.com/mitabhattachar5/statuses/664636647548452864,2015-11-12T02:51:39.000Z,tweet,True,False
10.1016/j.ijpe.2015.07.027,7058514,725726504642994176,http://twitter.com/RiuNetUPV/statuses/725726504642994176,2016-04-28T16:40:56.000Z,tweet,True,False
10.1016/j.ijpe.2015.06.023,4506451,643426317992656896,http://twitter.com/MahasiswaMinang/statuses/643426317992656896,2015-09-14T14:09:23.000Z,tweet,True,False
10.1016/j.ijpe.2014.12.038,6724903,720769631837908992,http://twitter.com/Buzz_Ed/statuses/720769631837908992,2016-04-15T00:24:06.000Z,tweet,True,False
10.1016/j.ijpe.2014.12.031,3050186,575777373615947776,https://twitter.com/fowassa/status/575777373615947776,2015-03-11T21:56:37.000Z,tweet,True,False
10.1016/j.ijpe.2015.02.023,4134763,608993071615868928,https://twitter.com/kueprints/status/608993071615868928,2015-06-11T13:43:57.000Z,tweet,True,False
10.1016/j.ijpe.2015.01.022,3785840,576457847686451202,https://twitter.com/ltiacci/status/576457847686451202,2015-03-13T19:00:35.000Z,tweet,True,False
10.1016/j.ijpe.2014.09.003,4832382,672082392371228675,http://twitter.com/GALAeprints/statuses/672082392371228675,2015-12-02T15:58:23.000Z,tweet,True,False
10.1016/j.ijpe.2014.09.003,4832382,672064285023928322,http://twitter.com/GALAeprints/statuses/672064285023928322,2015-12-02T14:46:26.000Z,tweet,True,False
10.1016/j.ijpe.2014.09.007,2750416,617235300461510656,https://twitter.com/ireneclng/status/617235300461510656,2015-07-04T07:35:37.000Z,tweet,True,False
10.1016/j.ijpe.2014.09.007,2750416,569723215691403264,https://twitter.com/Toffeemen68/status/569723215691403264,2015-02-23T04:59:34.000Z,tweet,True,False
10.1002/asmb.2010,4199603,613270773587963904,https://twitter.com/Wiley_Stats/status/613270773587963904,2015-06-23T09:02:01.000Z,tweet,True,False
10.1002/asmb.2113,4583335,650333322997035008,http://twitter.com/linarengifoc/statuses/650333322997035008,2015-10-03T15:35:21.000Z,tweet,True,False
10.1080/00207543.2015.1029647,8224344,735416024770748416,http://twitter.com/DrChristosV/statuses/735416024770748416,2016-05-25T10:23:38.000Z,tweet,True,False
10.1080/00207543.2015.1005248,4678767,658961101481230336,http://twitter.com/pa_insulation/statuses/658961101481230336,2015-10-27T10:59:04.000Z,tweet,True,False
10.1080/00207543.2014.931608,9905726,765563021045428224,http://twitter.com/ProfRamanathan/statuses/765563021045428224,2016-08-16T14:57:02.000Z,tweet,True,False
10.1080/00207543.2014.937010,2547568,494032782323367937,https://twitter.com/BBSLibrarian/status/494032782323367937,2014-07-29T08:12:48.000Z,tweet,True,False
10.1080/00207543.2015.1005771,4113751,607862632910102528,https://twitter.com/BibEUETIB/status/607862632910102528,2015-06-08T10:51:59.000Z,tweet,True,False
10.1080/00207543.2015.1033033,12239392,780755698091106305,http://twitter.com/LNExir/statuses/780755698091106305,2016-09-27T13:07:18.000Z,tweet,True,False
10.1080/00207543.2015.1037934,3969545,595615421098659840,https://twitter.com/Toffeemen68/status/595615421098659840,2015-05-05T15:45:57.000Z,tweet,True,False
10.1080/00207543.2014.975852,2991367,747414767514451968,http://twitter.com/RiuNetUPV/statuses/747414767514451968,2016-06-27T13:02:21.000Z,tweet,True,False
10.1080/00207543.2014.975852,2991367,545214064180215809,https://twitter.com/JuanMarinUPV/status/545214064180215809,2014-12-17T13:48:57.000Z,tweet,True,False
10.1080/00207543.2014.983617,7306721,781989109107716096,http://twitter.com/AngelesRAroca/statuses/781989109107716096,2016-09-30T22:48:26.000Z,tweet,True,False
10.1080/00207543.2014.983617,7306721,729740970128855041,http://twitter.com/RiuNetUPV/statuses/729740970128855041,2016-05-09T18:32:59.000Z,tweet,True,False
10.1080/00207543.2014.942757,2594173,501331721577435136,https://twitter.com/SantiagoLagoP/status/501331721577435136,2014-08-18T11:36:11.000Z,tweet,True,False
10.1080/00207543.2014.932936,9908144,808434480335622144,http://twitter.com/ylifin/statuses/808434480335622144,2016-12-12T22:12:54.000Z,tweet,True,False
10.1080/00207543.2014.919424,2889034,534312978557186049,https://twitter.com/Francesca_Farr/status/534312978557186049,2014-11-17T11:51:55.000Z,tweet,True,False
10.1080/00207543.2014.921350,4630811,654752912086687745,http://twitter.com/abhic_1983/statuses/654752912086687745,2015-10-15T20:17:13.000Z,tweet,True,False
10.1504/IJTM.2015.072976,4843587,673070852498419712,http://twitter.com/Ander_aoai/statuses/673070852498419712,2015-12-05T09:26:10.000Z,tweet,True,False
10.1504/IJTM.2015.068221,3897888,586720343412191233,https://twitter.com/PjctInnovation/status/586720343412191233,2015-04-11T02:40:05.000Z,tweet,True,False
10.1504/IJTM.2015.068212,3898429,586796853087244288,https://twitter.com/PjctInnovation/status/586796853087244288,2015-04-11T07:44:06.000Z,tweet,True,False
10.1504/IJTM.2015.068223,3897748,586689757997961216,https://twitter.com/PjctInnovation/status/586689757997961216,2015-04-11T00:38:33.000Z,tweet,True,False
10.1504/IJTM.2015.068220,3898138,586735691377197057,https://twitter.com/PjctInnovation/status/586735691377197057,2015-04-11T03:41:04.000Z,tweet,True,False
10.1504/IJTM.2015.068219,3898176,586751042198437888,https://twitter.com/PjctInnovation/status/586751042198437888,2015-04-11T04:42:04.000Z,tweet,True,False
10.1504/IJTM.2015.068214,3898261,586766268956422145,https://twitter.com/PjctInnovation/status/586766268956422145,2015-04-11T05:42:34.000Z,tweet,True,False
10.1504/IJTM.2015.068774,6296799,587823106816786432,https://twitter.com/PjctInnovation/status/587823106816786432,2015-04-14T03:42:04.000Z,tweet,True,False
10.1504/IJTM.2015.065895,2943632,539591417429889024,https://twitter.com/PjctInnovation/status/539591417429889024,2014-12-02T01:26:33.000Z,tweet,True,False
10.1504/IJTM.2015.068784,6296793,587761710196359168,https://twitter.com/PjctInnovation/status/587761710196359168,2015-04-13T23:38:06.000Z,tweet,True,False
10.1504/IJTM.2015.068779,6296794,587776927919837184,https://twitter.com/PjctInnovation/status/587776927919837184,2015-04-14T00:38:34.000Z,tweet,True,False
10.1504/IJTM.2015.068778,6296798,587792655762857984,https://twitter.com/PjctInnovation/status/587792655762857984,2015-04-14T01:41:04.000Z,tweet,True,False
10.1504/IJTM.2015.068755,3930226,590782077089505280,https://twitter.com/Research_Voice/status/590782077089505280,2015-04-22T07:39:58.000Z,tweet,True,False
10.1504/IJTM.2015.068755,3930226,587838333880897536,https://twitter.com/PjctInnovation/status/587838333880897536,2015-04-14T04:42:34.000Z,tweet,True,False
10.1504/IJTM.2015.065885,2941259,539621994862370816,https://twitter.com/PjctInnovation/status/539621994862370816,2014-12-02T03:28:03.000Z,tweet,True,False
10.1504/IJTM.2015.065896,2944168,539575938561110017,https://twitter.com/PjctInnovation/status/539575938561110017,2014-12-02T00:25:03.000Z,tweet,True,False
10.1504/IJTM.2015.065888,2941082,539606639813214208,https://twitter.com/PjctInnovation/status/539606639813214208,2014-12-02T02:27:02.000Z,tweet,True,False
10.1504/IJTM.2015.068222,3897816,586705118734626816,https://twitter.com/PjctInnovation/status/586705118734626816,2015-04-11T01:39:35.000Z,tweet,True,False
10.1504/IJTM.2015.068224,3897626,586674538437423105,https://twitter.com/PjctInnovation/status/586674538437423105,2015-04-10T23:38:04.000Z,tweet,True,False
10.1504/IJTM.2015.068213,3898345,586781492749017088,https://twitter.com/PjctInnovation/status/586781492749017088,2015-04-11T06:43:04.000Z,tweet,True,False
10.1287/inte.2015.0811,4620186,654069721239789568,http://twitter.com/INFORMS/statuses/654069721239789568,2015-10-13T23:02:28.000Z,tweet,True,False
10.1287/inte.2015.0808,4607066,652597324846342144,http://twitter.com/INFORMS/statuses/652597324846342144,2015-10-09T21:31:41.000Z,tweet,True,False
10.1287/inte.2015.0815,4949230,788041741504958468,http://twitter.com/City_Research/statuses/788041741504958468,2016-10-17T15:39:26.000Z,tweet,True,False
10.1287/inte.2015.0798,4447010,637381327940132864,http://twitter.com/INFORMS/statuses/637381327940132864,2015-08-28T21:48:45.000Z,tweet,True,False
10.1287/inte.2015.0798,4447010,637303404281266176,http://twitter.com/s_neyshabouri/statuses/637303404281266176,2015-08-28T16:39:06.000Z,tweet,True,False
10.1287/inte.2014.0789,3855333,741759120445964288,http://twitter.com/K1Kassa1/statuses/741759120445964288,2016-06-11T22:28:50.000Z,tweet,True,False
10.1287/inte.2014.0756,2502285,487623832715288576,https://twitter.com/INFORMS/status/487623832715288576,2014-07-11T15:45:55.000Z,tweet,True,False
10.1007/s10898-015-0307-2,12256711,781055838249181184,http://twitter.com/RUA_Alicante/statuses/781055838249181184,2016-09-28T08:59:57.000Z,tweet,True,False
10.1007/s10898-015-0271-x,4294539,622952633653825536,https://twitter.com/MathPaper/status/622952633653825536,2015-07-20T02:14:16.000Z,tweet,True,False
10.1007/s10898-014-0147-5,11923962,774434891085778944,http://twitter.com/JGlobalOpt/statuses/774434891085778944,2016-09-10T02:30:40.000Z,tweet,True,False
10.1007/s10898-015-0284-5,3722592,570382692698578944,https://twitter.com/mathOCb/status/570382692698578944,2015-02-25T00:40:05.000Z,tweet,True,False
10.1007/s10898-014-0231-x,2802630,524946091691630593,https://twitter.com/Portsmouth_IR/status/524946091691630593,2014-10-22T15:31:15.000Z,tweet,True,False
10.1007/s10898-014-0259-y,2395609,473300589439246337,http://twitter.com/MathPaper/status/473300589439246337,2014-06-02T03:10:28.000Z,tweet,True,False
10.1007/s10898-014-0159-1,2176543,443468687467905024,http://twitter.com/BibliotecaCN/status/443468687467905024,2014-03-11T19:29:09.000Z,tweet,True,False
10.1007/s10898-014-0159-1,2176543,443382443681542144,http://twitter.com/BibliotecaCN/status/443382443681542144,2014-03-11T13:46:26.000Z,tweet,True,False
10.1007/s10898-014-0150-x,3162485,560985360411291649,https://twitter.com/mathOCb/status/560985360411291649,2015-01-30T02:18:27.000Z,tweet,True,False
10.1007/s10898-014-0150-x,3162485,560980865409245184,https://twitter.com/MathPaper/status/560980865409245184,2015-01-30T02:00:35.000Z,tweet,True,False
10.1016/j.jmsy.2015.08.002,22112060,887303654612619264,http://twitter.com/RiuNetUPV/statuses/887303654612619264,2017-07-18T13:30:51.000Z,tweet,True,False
10.1016/j.jom.2015.01.002,3223609,561920569570893824,https://twitter.com/Toffeemen68/status/561920569570893824,2015-02-01T16:14:38.000Z,tweet,True,False
10.1057/jors.2015.40,4567091,648953992907780096,http://twitter.com/iveyresearch/statuses/648953992907780096,2015-09-29T20:14:23.000Z,tweet,True,False
10.1057/jors.2014.137,3845933,659003129740963840,http://twitter.com/PalgraveJournal/statuses/659003129740963840,2015-10-27T13:46:04.000Z,tweet,True,False
10.1057/jors.2014.137,3845933,581455697725915136,https://twitter.com/PalgraveJournal/status/581455697725915136,2015-03-27T14:00:15.000Z,tweet,True,False
10.1057/jors.2015.18,3918101,589080466847850497,https://twitter.com/C_Bravo_R/status/589080466847850497,2015-04-17T14:58:22.000Z,tweet,True,False
10.1057/jors.2015.28,4655186,656680075417399296,http://twitter.com/PalgraveJournal/statuses/656680075417399296,2015-10-21T03:55:05.000Z,tweet,True,False
10.1057/jors.2014.116,3047300,553317209032769536,https://twitter.com/Portsmouth_IR/status/553317209032769536,2015-01-08T22:27:57.000Z,tweet,True,False
10.1057/jors.2014.116,3047300,553222298103083008,https://twitter.com/Portsmouth_IR/status/553222298103083008,2015-01-08T16:10:48.000Z,tweet,True,False
10.1057/jors.2014.113,2938427,622076384526102528,https://twitter.com/MikeYearworth/status/622076384526102528,2015-07-17T16:12:22.000Z,tweet,True,False
10.1057/jors.2014.113,2938427,539347115957551104,https://twitter.com/wmijnhardt/status/539347115957551104,2014-12-01T09:15:47.000Z,tweet,True,False
10.1057/jors.2014.79,2652334,507273300327034881,https://twitter.com/tommonks1/status/507273300327034881,2014-09-03T21:05:54.000Z,tweet,True,False
10.1057/jors.2014.70,3960887,609267520823017472,https://twitter.com/MikeYearworth/status/609267520823017472,2015-06-12T07:54:31.000Z,tweet,True,False
10.1057/jors.2014.70,3960887,609267314249347073,https://twitter.com/MikeYearworth/status/609267314249347073,2015-06-12T07:53:42.000Z,tweet,True,False
10.1057/jors.2014.50,2335207,464341033514311680,http://twitter.com/Richard_Weber/status/464341033514311680,2014-05-08T09:48:24.000Z,tweet,True,False
10.1057/jors.2014.50,2335207,464317328755548160,http://twitter.com/C_Bravo_R/status/464317328755548160,2014-05-08T08:14:12.000Z,tweet,True,False
10.1057/jors.2014.25,2221899,580708260363116544,https://twitter.com/PalgraveJournal/status/580708260363116544,2015-03-25T12:30:12.000Z,tweet,True,False
10.1057/jors.2014.25,2221899,449026160157294592,http://twitter.com/algil_b/status/449026160157294592,2014-03-27T03:32:33.000Z,tweet,True,False
10.1057/jors.2014.25,2221899,449025918875758592,http://twitter.com/algil_b/status/449025918875758592,2014-03-27T03:31:36.000Z,tweet,True,False
10.1057/jors.2014.30,3808712,578564725392437248,https://twitter.com/GrahamScambler/status/578564725392437248,2015-03-19T14:32:34.000Z,tweet,True,False
10.1057/jors.2014.30,3808712,578563612429537280,https://twitter.com/PalgraveJournal/status/578563612429537280,2015-03-19T14:28:09.000Z,tweet,True,False
10.1057/jors.2014.5,3937996,591506222513131520,https://twitter.com/BibliotecaFME/status/591506222513131520,2015-04-24T07:37:27.000Z,tweet,True,False
10.1057/jors.2014.2,2141444,437998380850356224,http://twitter.com/Supply_Chain_N/status/437998380850356224,2014-02-24T17:12:06.000Z,tweet,True,False
10.1057/jors.2013.178,3040341,552453463339061248,https://twitter.com/MikeYearworth/status/552453463339061248,2015-01-06T13:15:44.000Z,tweet,True,False
10.1057/jors.2013.179,2761639,581122586727170049,https://twitter.com/wrro/status/581122586727170049,2015-03-26T15:56:36.000Z,tweet,True,False
10.1057/jors.2013.179,2761639,519803228029194241,https://twitter.com/AWGale/status/519803228029194241,2014-10-08T10:55:21.000Z,tweet,True,False
10.1057/jors.2013.179,2761639,519801220945686528,https://twitter.com/AWGale/status/519801220945686528,2014-10-08T10:47:23.000Z,tweet,True,False
10.1057/jors.2013.174,15595143,822178760162086913,http://twitter.com/yoURDATAisyours/statuses/822178760162086913,2017-01-19T20:27:46.000Z,tweet,True,False
10.1057/jors.2013.135,1594764,351501105420701698,http://twitter.com/dbworld_/statuses/351501105420701698,2013-07-01T00:42:48.000Z,tweet,True,False
10.1057/jors.2013.135,1594764,351500058350469120,http://twitter.com/arXiv_cs/statuses/351500058350469120,2013-07-01T00:38:39.000Z,tweet,True,False
10.1057/jors.2014.94,2954754,956947974495571971,https://twitter.com/corpgovnet/status/956947974495571971,2018-01-26T17:52:31.000Z,tweet,True,False
10.1142/S0217595915500244,2822379,527618079375630336,https://twitter.com/mathOCb/status/527618079375630336,2014-10-30T00:28:47.000Z,tweet,True,False
10.1007/s10957-015-0709-9,1756705,380168706434686977,http://twitter.com/MathPaper/status/380168706434686977,2013-09-18T03:17:37.000Z,tweet,True,False
10.1007/s10957-014-0692-6,2775433,522183023194681344,https://twitter.com/mathMGb/status/522183023194681344,2014-10-15T00:31:49.000Z,tweet,True,False
10.1007/s10957-014-0679-3,2515277,489611504845479937,https://twitter.com/MathPaper/status/489611504845479937,2014-07-17T03:24:13.000Z,tweet,True,False
10.1007/s10957-014-0679-3,2515277,489567003720429568,https://twitter.com/mathOCb/status/489567003720429568,2014-07-17T00:27:24.000Z,tweet,True,False
10.1007/s10957-014-0633-4,4418733,634522470641463296,http://twitter.com/mathOCb/statuses/634522470641463296,2015-08-21T00:28:40.000Z,tweet,True,False
10.1007/s10957-014-0642-3,2331380,463922100109979649,http://twitter.com/MathPaper/status/463922100109979649,2014-05-07T06:03:42.000Z,tweet,True,False
10.1007/s10957-014-0642-3,2331380,463837255648301057,http://twitter.com/mathOCb/status/463837255648301057,2014-05-07T00:26:34.000Z,tweet,True,False
10.1007/s10957-014-0609-4,12256732,781056366312128512,http://twitter.com/RUA_Alicante/statuses/781056366312128512,2016-09-28T09:02:03.000Z,tweet,True,False
10.1007/s10957-014-0600-0,2629289,504584164511715328,https://twitter.com/arXivStats/status/504584164511715328,2014-08-27T11:00:14.000Z,tweet,True,False
10.1007/s10957-014-0600-0,2629289,504425391646199808,https://twitter.com/mathNAb/status/504425391646199808,2014-08-27T00:29:19.000Z,tweet,True,False
10.1007/s10957-014-0556-0,1785563,383471016065785856,http://twitter.com/MathPaper/status/383471016065785856,2013-09-27T05:59:49.000Z,tweet,True,False
10.1007/s10957-014-0556-0,1785563,383396202886078464,http://twitter.com/mathOCb/status/383396202886078464,2013-09-27T01:02:32.000Z,tweet,True,False
10.1007/s10957-014-0574-y,2359627,468031202796896258,http://twitter.com/UTChE_papers/status/468031202796896258,2014-05-18T14:11:49.000Z,tweet,True,False
10.1007/s10957-014-0581-z,957904,249070733857284096,http://twitter.com/morikunik/statuses/249070733857284096,2012-09-21T09:01:05.000Z,tweet,True,False
10.1287/msom.2015.0544,4308896,624192893654274048,https://twitter.com/INFORMS/status/624192893654274048,2015-07-23T12:22:37.000Z,tweet,True,False
10.1287/msom.2015.0542,4361596,628614394193289216,https://twitter.com/INFORMS/status/628614394193289216,2015-08-04T17:12:05.000Z,tweet,True,False
10.1287/msom.2015.0552,4385371,631454545164529664,http://twitter.com/DowlingDennis/statuses/631454545164529664,2015-08-12T13:17:50.000Z,tweet,True,False
10.1287/msom.2015.0552,4385371,631454545105821697,http://twitter.com/LizDowling2/statuses/631454545105821697,2015-08-12T13:17:50.000Z,tweet,True,False
10.1287/msom.2015.0552,4385371,631150908508868609,http://twitter.com/INFORMS2015/statuses/631150908508868609,2015-08-11T17:11:17.000Z,tweet,True,False
10.1287/msom.2015.0523,3949046,593025705606324225,https://twitter.com/INFORMS/status/593025705606324225,2015-04-28T12:15:20.000Z,tweet,True,False
10.1287/msom.2014.0510,3130242,560816597674491904,https://twitter.com/INFORMS/status/560816597674491904,2015-01-29T15:07:51.000Z,tweet,True,False
10.1287/msom.2015.0549,4409472,633712513956335616,http://twitter.com/INFORMS/statuses/633712513956335616,2015-08-18T18:50:11.000Z,tweet,True,False
10.1287/mnsc.2014.2081,3911796,588457969643229185,https://twitter.com/andi_staub/status/588457969643229185,2015-04-15T21:44:47.000Z,tweet,True,False
10.1287/mnsc.2014.2082,3930615,646078555458248704,http://twitter.com/KHosanagar/statuses/646078555458248704,2015-09-21T21:48:25.000Z,tweet,True,False
10.1287/mnsc.2014.2082,3930615,645340860582903808,http://twitter.com/DanielKorschun/statuses/645340860582903808,2015-09-19T20:57:05.000Z,tweet,True,False
10.1287/mnsc.2014.2082,3930615,645252655946797056,http://twitter.com/tiinajmaki/statuses/645252655946797056,2015-09-19T15:06:36.000Z,tweet,True,False
10.1287/mnsc.2013.1869,2158922,556310731990130688,https://twitter.com/ADRSYSNET/status/556310731990130688,2015-01-17T04:43:08.000Z,tweet,True,False
10.1287/mnsc.2014.1917,2364854,590058227821367296,https://twitter.com/jeroenschepers/status/590058227821367296,2015-04-20T07:43:38.000Z,tweet,True,False
10.1287/mnsc.2014.1917,2364854,489730094815264768,https://twitter.com/EnferEvidente/status/489730094815264768,2014-07-17T11:15:28.000Z,tweet,True,False
10.1287/mnsc.2014.1917,2364854,488959956033355776,https://twitter.com/EnferEvidente/status/488959956033355776,2014-07-15T08:15:12.000Z,tweet,True,False
10.1287/mnsc.2014.1917,2364854,488671801761746945,https://twitter.com/EnferEvidente/status/488671801761746945,2014-07-14T13:10:11.000Z,tweet,True,False
10.1287/mnsc.2014.1917,2364854,487089678550450176,https://twitter.com/AEGRIS2/status/487089678550450176,2014-07-10T04:23:23.000Z,tweet,True,False
10.1287/mnsc.2014.1917,2364854,486037541414371329,https://twitter.com/JigsawHealth/status/486037541414371329,2014-07-07T06:42:34.000Z,tweet,True,False
10.1287/mnsc.2014.1917,2364854,468729737079435264,http://twitter.com/INFORMS/status/468729737079435264,2014-05-20T12:27:32.000Z,tweet,True,False
10.1287/mnsc.2014.1994,2667904,575476234844381187,https://twitter.com/vtodri/status/575476234844381187,2015-03-11T02:00:00.000Z,tweet,True,False
10.1287/mnsc.2014.1994,2667904,509760923645779968,https://twitter.com/or_exchange/status/509760923645779968,2014-09-10T17:50:49.000Z,tweet,True,False
10.1287/mnsc.2014.1994,2667904,509334365269405696,https://twitter.com/INFORMS_WORMS/status/509334365269405696,2014-09-09T13:35:50.000Z,tweet,True,False
10.1287/mnsc.2014.1994,2667904,509322858791989249,https://twitter.com/INFORMS/status/509322858791989249,2014-09-09T12:50:06.000Z,tweet,True,False
10.1287/mnsc.2014.2091,5064283,738983573768675328,http://twitter.com/RePEc_NEP_PKE/statuses/738983573768675328,2016-06-04T06:39:48.000Z,tweet,True,False
10.1287/mnsc.2014.2091,5064283,734845237273591809,http://twitter.com/RePEc_NEP_EXP/statuses/734845237273591809,2016-05-23T20:35:31.000Z,tweet,True,False
10.1287/mnsc.2014.2091,5064283,693379460863688704,http://twitter.com/kurodotty/statuses/693379460863688704,2016-01-30T10:25:20.000Z,tweet,True,False
10.1287/mnsc.2014.2054,3818942,615130138502660097,https://twitter.com/DanielKorschun/status/615130138502660097,2015-06-28T12:10:28.000Z,tweet,True,False
10.1287/mnsc.2014.2054,3818942,608946213132455937,https://twitter.com/JamesJosephIgoe/status/608946213132455937,2015-06-11T10:37:45.000Z,tweet,True,False
10.1287/mnsc.2013.1853,2307011,608995537090584577,https://twitter.com/City_Research/status/608995537090584577,2015-06-11T13:53:45.000Z,tweet,True,False
10.1287/mnsc.2014.2118,4088463,606179339495837696,https://twitter.com/mward04/status/606179339495837696,2015-06-03T19:23:11.000Z,tweet,True,False
10.1287/mnsc.2014.2100,4136378,609098331697082368,https://twitter.com/georgiatechbsch/status/609098331697082368,2015-06-11T20:42:13.000Z,tweet,True,False
10.1287/mnsc.2014.1946,2893562,618085923876667392,https://twitter.com/davdittrich/status/618085923876667392,2015-07-06T15:55:42.000Z,tweet,True,False
10.1287/mnsc.2014.1946,2893562,617974913018777601,https://twitter.com/SimulPast/status/617974913018777601,2015-07-06T08:34:35.000Z,tweet,True,False
10.1287/mnsc.2014.1946,2893562,608925416447852544,https://twitter.com/ZBW_news/status/608925416447852544,2015-06-11T09:15:07.000Z,tweet,True,False
10.1287/mnsc.2014.1946,2893562,534029238018793472,https://twitter.com/5670047/status/534029238018793472,2014-11-16T17:04:26.000Z,tweet,True,False
10.1287/mnsc.2014.2095,4655830,656814898278699008,http://twitter.com/DanielKorschun/statuses/656814898278699008,2015-10-21T12:50:49.000Z,tweet,True,False
10.1287/mnsc.2014.1970,2856877,530388283277467648,https://twitter.com/gmattel/status/530388283277467648,2014-11-06T15:56:35.000Z,tweet,True,False
10.1287/mnsc.2014.1927,2393717,632245072117915648,http://twitter.com/ChloeLuv_PSO/statuses/632245072117915648,2015-08-14T17:39:06.000Z,tweet,True,False
10.1287/mnsc.2014.1927,2393717,628206272681111554,https://twitter.com/JamesJosephIgoe/status/628206272681111554,2015-08-03T14:10:21.000Z,tweet,True,False
10.1287/mnsc.2014.1927,2393717,530350431898062848,https://twitter.com/anamewing/status/530350431898062848,2014-11-06T13:26:11.000Z,tweet,True,False
10.1287/mnsc.2014.1927,2393717,477362614855798784,http://twitter.com/MiiaKosonen/status/477362614855798784,2014-06-13T08:11:31.000Z,tweet,True,False
10.1287/mnsc.2014.1927,2393717,476763404632600576,http://twitter.com/AWaytz/status/476763404632600576,2014-06-11T16:30:28.000Z,tweet,True,False
10.1287/mnsc.2014.1927,2393717,476384620687028226,http://twitter.com/RobertKlitgaard/status/476384620687028226,2014-06-10T15:25:19.000Z,tweet,True,False
10.1287/mnsc.2014.1927,2393717,473384454107693056,http://twitter.com/adrihout/status/473384454107693056,2014-06-02T08:43:43.000Z,tweet,True,False
10.1287/mnsc.2014.2125,3987158,674522820018311168,http://twitter.com/iammaxnathan/statuses/674522820018311168,2015-12-09T09:35:46.000Z,tweet,True,False
10.1287/mnsc.2014.2125,3987158,597975519527718912,https://twitter.com/Equiv_Exchange/status/597975519527718912,2015-05-12T04:04:08.000Z,tweet,True,False
10.1287/mnsc.2014.1985,2973947,628206273931022336,https://twitter.com/JamesJosephIgoe/status/628206273931022336,2015-08-03T14:10:21.000Z,tweet,True,False
10.1287/mnsc.2014.1985,2973947,599899223102980096,https://twitter.com/CFA_CH/status/599899223102980096,2015-05-17T11:28:15.000Z,tweet,True,False
10.1287/mnsc.2014.1985,2973947,594946378872270849,https://twitter.com/CarlosHaertel/status/594946378872270849,2015-05-03T19:27:24.000Z,tweet,True,False
10.1287/mnsc.2014.1985,2973947,543041879831769088,https://twitter.com/INFORMS/status/543041879831769088,2014-12-11T13:57:28.000Z,tweet,True,False
10.1287/mnsc.2014.2052,3745033,685136390657409024,http://twitter.com/econromesh/statuses/685136390657409024,2016-01-07T16:30:19.000Z,tweet,True,False
10.1287/mnsc.2014.2021,3082792,610860758369501184,https://twitter.com/Qresearchbot/status/610860758369501184,2015-06-16T17:25:28.000Z,tweet,True,False
10.1287/mnsc.2014.2021,3082792,557624260554784768,https://twitter.com/ADRSYSNET/status/557624260554784768,2015-01-20T19:42:38.000Z,tweet,True,False
10.1287/mnsc.2014.2058,3073261,556169448143343616,https://twitter.com/EMUmath/status/556169448143343616,2015-01-16T19:21:44.000Z,tweet,True,False
10.1287/mnsc.2014.2058,3073261,556108378981023745,https://twitter.com/mward04/status/556108378981023745,2015-01-16T15:19:04.000Z,tweet,True,False
10.1287/mnsc.2014.2106,3966956,961914297457827840,http://twitter.com/kmklim/statuses/961914297457827840,2018-02-09T10:46:54.000Z,tweet,True,False
10.1287/mnsc.2014.2106,3966956,677576616764133376,http://twitter.com/StephenDeKuyper/statuses/677576616764133376,2015-12-17T19:50:28.000Z,tweet,True,False
10.1287/mnsc.2014.2106,3966956,595314006207963138,https://twitter.com/williamadler78/status/595314006207963138,2015-05-04T19:48:14.000Z,tweet,True,False
10.1287/mnsc.2014.2020,3077247,560510052625575936,https://twitter.com/INFORMS/status/560510052625575936,2015-01-28T18:49:44.000Z,tweet,True,False
10.1287/mnsc.2014.2020,3077247,557535364471349248,https://twitter.com/INFORMS/status/557535364471349248,2015-01-20T13:49:24.000Z,tweet,True,False
10.1287/mnsc.2014.2023,3106540,603857257860767745,https://twitter.com/City_Research/status/603857257860767745,2015-05-28T09:36:04.000Z,tweet,True,False
10.1287/mnsc.2014.2132,4240359,723514061531439105,http://twitter.com/C_Coolidge/statuses/723514061531439105,2016-04-22T14:09:29.000Z,tweet,True,False
10.1287/mnsc.2014.2132,4240359,618061273889116160,https://twitter.com/INFORMS/status/618061273889116160,2015-07-06T14:17:45.000Z,tweet,True,False
10.1287/mnsc.2014.2132,4240359,617001603363549184,https://twitter.com/cristobal_marco/status/617001603363549184,2015-07-03T16:07:00.000Z,tweet,True,False
10.1287/mnsc.2014.2103,3996213,599101612863401984,https://twitter.com/LJTPedersen/status/599101612863401984,2015-05-15T06:38:49.000Z,tweet,True,False
10.1287/mnsc.2014.2103,3996213,598860613922725889,https://twitter.com/INFORMS/status/598860613922725889,2015-05-14T14:41:11.000Z,tweet,True,False
10.1287/mnsc.2013.1893,2426906,476701842660163584,http://twitter.com/INFORMS/status/476701842660163584,2014-06-11T12:25:50.000Z,tweet,True,False
10.1287/mnsc.2013.1861,2356370,556306886010478592,https://twitter.com/ADRSYSNET/status/556306886010478592,2015-01-17T04:27:51.000Z,tweet,True,False
10.1287/mnsc.2014.1977,3831730,580399321167699969,https://twitter.com/yongqinwang/status/580399321167699969,2015-03-24T16:02:36.000Z,tweet,True,False
10.1287/mnsc.2014.1979,2876951,656467680732565504,http://twitter.com/DanielKorschun/statuses/656467680732565504,2015-10-20T13:51:06.000Z,tweet,True,False
10.1287/mnsc.2014.1979,2876951,656452491685593088,http://twitter.com/DanielKorschun/statuses/656452491685593088,2015-10-20T12:50:44.000Z,tweet,True,False
10.1287/mnsc.2014.1979,2876951,651709864528449536,http://twitter.com/JamesJosephIgoe/statuses/651709864528449536,2015-10-07T10:45:14.000Z,tweet,True,False
10.1287/mnsc.2014.1979,2876951,532267096122474496,https://twitter.com/freakonometrics/status/532267096122474496,2014-11-11T20:22:19.000Z,tweet,True,False
10.1287/mnsc.2014.2096,3948468,616603760211689472,https://twitter.com/CatedraInt/status/616603760211689472,2015-07-02T13:46:07.000Z,tweet,True,False
10.1287/mnsc.2014.2096,3948468,613309157597401088,https://twitter.com/InclusionInst/status/613309157597401088,2015-06-23T11:34:32.000Z,tweet,True,False
10.1287/mnsc.2014.2096,3948468,609156956662665216,https://twitter.com/uranus_2/status/609156956662665216,2015-06-12T00:35:10.000Z,tweet,True,False
10.1287/mnsc.2014.2096,3948468,595432116625760258,https://twitter.com/morewedge/status/595432116625760258,2015-05-05T03:37:33.000Z,tweet,True,False
10.1287/mnsc.2014.2096,3948468,593008801051213824,https://twitter.com/AndyGrenier/status/593008801051213824,2015-04-28T11:08:10.000Z,tweet,True,False
10.1287/mnsc.2014.2096,3948468,592977950242447360,https://twitter.com/morewedge/status/592977950242447360,2015-04-28T09:05:34.000Z,tweet,True,False
10.1287/mnsc.2014.1915,2502002,487588955039473664,https://twitter.com/INFORMS/status/487588955039473664,2014-07-11T13:27:20.000Z,tweet,True,False
10.1287/mnsc.2014.2015,3021616,549546319816450048,https://twitter.com/INFORMS/status/549546319816450048,2014-12-29T12:43:47.000Z,tweet,True,False
10.1287/mnsc.2014.1911,3074269,556305574787182592,https://twitter.com/ADRSYSNET/status/556305574787182592,2015-01-17T04:22:39.000Z,tweet,True,False
10.1287/mnsc.2014.2037,4856552,674533788723109889,http://twitter.com/gangzealot99/statuses/674533788723109889,2015-12-09T10:19:22.000Z,tweet,True,False
10.1287/mnsc.2013.1877,3067130,557170360127586305,https://twitter.com/INFORMS/status/557170360127586305,2015-01-19T13:39:00.000Z,tweet,True,False
10.1287/mnsc.2013.1868,3074281,580515950224625664,https://twitter.com/ADRIANSYSNET/status/580515950224625664,2015-03-24T23:46:02.000Z,tweet,True,False
10.1287/mnsc.2013.1868,3074281,556307203330560002,https://twitter.com/ADRSYSNET/status/556307203330560002,2015-01-17T04:29:07.000Z,tweet,True,False
10.1287/mnsc.2014.2048,4732785,682691643384844288,http://twitter.com/Robertson_SJ/statuses/682691643384844288,2015-12-31T22:35:46.000Z,tweet,True,False
10.1287/mnsc.2014.2074,3793855,577431748352565248,https://twitter.com/INFORMS/status/577431748352565248,2015-03-16T11:30:31.000Z,tweet,True,False
10.1287/mnsc.2013.1892,2457705,556305980527345664,https://twitter.com/ADRSYSNET/status/556305980527345664,2015-01-17T04:24:16.000Z,tweet,True,False
10.1287/mnsc.2014.2005,2991834,545238444335968256,https://twitter.com/INFORMS/status/545238444335968256,2014-12-17T15:25:49.000Z,tweet,True,False
10.1287/mnsc.2014.1998,2901159,542127777575890944,https://twitter.com/Helen_Zimmerman/status/542127777575890944,2014-12-09T01:25:09.000Z,tweet,True,False
10.1287/mnsc.2014.1982,4595752,651714511716634624,http://twitter.com/JamesJosephIgoe/statuses/651714511716634624,2015-10-07T11:03:42.000Z,tweet,True,False
10.1287/mnsc.2014.1966,2527075,701132903661572096,http://twitter.com/trulafrick/statuses/701132903661572096,2016-02-20T19:54:45.000Z,tweet,True,False
10.1287/mnsc.2014.1966,2527075,701130566738059264,http://twitter.com/informscut/statuses/701130566738059264,2016-02-20T19:45:28.000Z,tweet,True,False
10.1287/mnsc.2014.1966,2527075,694936369572007937,http://twitter.com/informscut/statuses/694936369572007937,2016-02-03T17:31:56.000Z,tweet,True,False
10.1287/mnsc.2014.1966,2527075,608531548590206976,https://twitter.com/MattersofSmart/status/608531548590206976,2015-06-10T07:10:01.000Z,tweet,True,False
10.1287/mnsc.2014.1966,2527075,500257623170899969,https://twitter.com/StatsbyLopez/status/500257623170899969,2014-08-15T12:28:06.000Z,tweet,True,False
10.1287/mnsc.2014.1966,2527075,499575639549415424,https://twitter.com/HpartnerOlivier/status/499575639549415424,2014-08-13T15:18:08.000Z,tweet,True,False
10.1287/mnsc.2014.1966,2527075,493503741883322368,https://twitter.com/Freek_Vermeulen/status/493503741883322368,2014-07-27T21:10:35.000Z,tweet,True,False
10.1287/mnsc.2014.1966,2527075,491746648561696768,https://twitter.com/uranus_2/status/491746648561696768,2014-07-23T00:48:31.000Z,tweet,True,False
10.1287/mnsc.2013.1884,3074280,556307051085713408,https://twitter.com/ADRSYSNET/status/556307051085713408,2015-01-17T04:28:31.000Z,tweet,True,False
10.1287/mnsc.2014.1955,2732043,517296573571923968,https://twitter.com/INFORMS/status/517296573571923968,2014-10-01T12:54:48.000Z,tweet,True,False
10.1287/mnsc.2014.2064,3780334,575992077969932289,https://twitter.com/INFORMS/status/575992077969932289,2015-03-12T12:09:47.000Z,tweet,True,False
10.1287/mnsc.2015.2203,4580436,649993230512201728,http://twitter.com/INFORMS/statuses/649993230512201728,2015-10-02T17:03:57.000Z,tweet,True,False
10.1287/mnsc.2014.1922,2757207,556305052881518592,https://twitter.com/ADRSYSNET/status/556305052881518592,2015-01-17T04:20:34.000Z,tweet,True,False
10.1287/mnsc.2014.2045,2949812,551664564861804544,https://twitter.com/Wheeler_AM/status/551664564861804544,2015-01-04T09:00:56.000Z,tweet,True,False
10.1287/mnsc.2014.2045,2949812,540502378169257986,https://twitter.com/INFORMS/status/540502378169257986,2014-12-04T13:46:23.000Z,tweet,True,False
10.1287/mnsc.2014.1935,2541398,493007736809209856,https://twitter.com/INFORMS/status/493007736809209856,2014-07-26T12:19:38.000Z,tweet,True,False
10.1287/mnsc.2013.1865,3074278,556306637137252352,https://twitter.com/ADRSYSNET/status/556306637137252352,2015-01-17T04:26:52.000Z,tweet,True,False
10.1287/mnsc.2014.1976,3119454,560717280313888768,https://twitter.com/5670047/status/560717280313888768,2015-01-29T08:33:11.000Z,tweet,True,False
10.1287/mnsc.2014.2003,3074271,556304310967885824,https://twitter.com/ADRSYSNET/status/556304310967885824,2015-01-17T04:17:38.000Z,tweet,True,False
10.1287/mnsc.2014.1912,2455134,556306227798368257,https://twitter.com/ADRSYSNET/status/556306227798368257,2015-01-17T04:25:15.000Z,tweet,True,False
10.1287/mnsc.2014.1912,2455134,480881706086719489,https://twitter.com/footmarks_com/status/480881706086719489,2014-06-23T01:15:07.000Z,tweet,True,False
10.1287/mnsc.2014.1912,2455134,480341722266759168,https://twitter.com/StefanusLiu1/status/480341722266759168,2014-06-21T13:29:25.000Z,tweet,True,False
10.1287/moor.2014.0671,2575327,496727911785693184,https://twitter.com/INFORMS/status/496727911785693184,2014-08-05T18:42:17.000Z,tweet,True,False
10.1287/moor.2014.0658,2493133,486928254075293696,https://twitter.com/hkilter/status/486928254075293696,2014-07-09T17:41:57.000Z,tweet,True,False
10.1287/moor.2014.0683,2865739,531135721357467649,https://twitter.com/INFORMS/status/531135721357467649,2014-11-08T17:26:38.000Z,tweet,True,False
10.1287/moor.2014.0676,6868912,723359222247747584,http://twitter.com/MathPaper/statuses/723359222247747584,2016-04-22T03:54:12.000Z,tweet,True,False
10.1287/moor.2014.0676,6868912,723320753966317568,http://twitter.com/mathOCb/statuses/723320753966317568,2016-04-22T01:21:21.000Z,tweet,True,False
10.1007/s10107-015-0892-3,4053013,602243913219313664,https://twitter.com/verif_papers/status/602243913219313664,2015-05-23T22:45:12.000Z,tweet,True,False
10.1007/s10107-015-0893-2,4053017,620794360846659584,https://twitter.com/verif_papers/status/620794360846659584,2015-07-14T03:18:04.000Z,tweet,True,False
10.1007/s10107-014-0800-2,4292985,622612350651121664,https://twitter.com/verif_papers/status/622612350651121664,2015-07-19T03:42:06.000Z,tweet,True,False
10.1007/s10107-014-0808-7,4292981,622612342702915584,https://twitter.com/verif_papers/status/622612342702915584,2015-07-19T03:42:04.000Z,tweet,True,False
10.1007/s10107-014-0789-6,4292975,622612093020192768,https://twitter.com/verif_papers/status/622612093020192768,2015-07-19T03:41:05.000Z,tweet,True,False
10.1007/s10107-014-0806-9,4521517,644359009709887488,http://twitter.com/verif_papers/statuses/644359009709887488,2015-09-17T03:55:34.000Z,tweet,True,False
10.1007/s10107-015-0922-1,2511913,643625849363689476,http://twitter.com/verif_papers/statuses/643625849363689476,2015-09-15T03:22:15.000Z,tweet,True,False
10.1007/s10107-015-0922-1,2511913,489204656526995456,https://twitter.com/mathOCb/status/489204656526995456,2014-07-16T00:27:33.000Z,tweet,True,False
10.1007/s10107-014-0816-7,4521526,644359133714477056,http://twitter.com/verif_papers/statuses/644359133714477056,2015-09-17T03:56:03.000Z,tweet,True,False
10.1007/s10107-014-0776-y,4292992,622612352291090435,https://twitter.com/verif_papers/status/622612352291090435,2015-07-19T03:42:07.000Z,tweet,True,False
10.1007/s10107-014-0787-8,4292974,622612099525545985,https://twitter.com/verif_papers/status/622612099525545985,2015-07-19T03:41:06.000Z,tweet,True,False
10.1007/s10107-014-0822-9,4053025,602244257340985344,https://twitter.com/verif_papers/status/602244257340985344,2015-05-23T22:46:34.000Z,tweet,True,False
10.1007/s10107-014-0805-x,4521509,644358897902317569,http://twitter.com/verif_papers/statuses/644358897902317569,2015-09-17T03:55:07.000Z,tweet,True,False
10.1007/s10107-015-0891-4,4053008,606254160804245505,https://twitter.com/mluebbecke/status/606254160804245505,2015-06-04T00:20:30.000Z,tweet,True,False
10.1007/s10107-014-0813-x,4521524,644359135119609856,http://twitter.com/verif_papers/statuses/644359135119609856,2015-09-17T03:56:04.000Z,tweet,True,False
10.1007/s10107-014-0836-3,4053001,602243919531782144,https://twitter.com/verif_papers/status/602243919531782144,2015-05-23T22:45:14.000Z,tweet,True,False
10.1007/s10107-015-0895-0,4053012,602244008815919104,https://twitter.com/verif_papers/status/602244008815919104,2015-05-23T22:45:35.000Z,tweet,True,False
10.1007/s10107-015-0895-0,4053012,522995686720024576,https://twitter.com/MathPaper/status/522995686720024576,2014-10-17T06:21:03.000Z,tweet,True,False
10.1007/s10107-015-0895-0,4053012,522906320257568768,https://twitter.com/mathNAb/status/522906320257568768,2014-10-17T00:25:56.000Z,tweet,True,False
10.1007/s10107-014-0797-6,4508785,643625440234508288,http://twitter.com/verif_papers/statuses/643625440234508288,2015-09-15T03:20:37.000Z,tweet,True,False
10.1007/s10107-014-0825-6,4053018,602244004432846848,https://twitter.com/verif_papers/status/602244004432846848,2015-05-23T22:45:34.000Z,tweet,True,False
10.1007/s10107-014-0820-y,4521521,644359016143949824,http://twitter.com/verif_papers/statuses/644359016143949824,2015-09-17T03:55:35.000Z,tweet,True,False
10.1007/s10107-014-0818-5,4521530,644359136776351744,http://twitter.com/verif_papers/statuses/644359136776351744,2015-09-17T03:56:04.000Z,tweet,True,False
10.1007/s10107-014-0844-3,4053004,602243917464010754,https://twitter.com/verif_papers/status/602243917464010754,2015-05-23T22:45:13.000Z,tweet,True,False
10.1007/s10107-015-0897-y,2795984,602244128802361344,https://twitter.com/verif_papers/status/602244128802361344,2015-05-23T22:46:04.000Z,tweet,True,False
10.1007/s10107-015-0897-y,2795984,524491908932845568,https://twitter.com/MathPaper/status/524491908932845568,2014-10-21T09:26:30.000Z,tweet,True,False
10.1007/s10107-015-0897-y,2795984,524370183750557696,https://twitter.com/mathOCb/status/524370183750557696,2014-10-21T01:22:48.000Z,tweet,True,False
10.1007/s10107-015-0898-x,4053003,602243915635298305,https://twitter.com/verif_papers/status/602243915635298305,2015-05-23T22:45:13.000Z,tweet,True,False
10.1007/s10107-014-0761-5,3076969,562201902452977665,https://twitter.com/shunji_umetani/status/562201902452977665,2015-02-02T10:52:33.000Z,tweet,True,False
10.1007/s10107-014-0761-5,3076969,557217122338996226,https://twitter.com/dukduque/status/557217122338996226,2015-01-19T16:44:49.000Z,tweet,True,False
10.1007/s10107-014-0761-5,3076969,557112338692993024,https://twitter.com/mluebbecke/status/557112338692993024,2015-01-19T09:48:26.000Z,tweet,True,False
10.1007/s10107-014-0755-3,4508788,643625548107767808,http://twitter.com/verif_papers/statuses/643625548107767808,2015-09-15T03:21:03.000Z,tweet,True,False
10.1007/s10107-015-0889-y,4053000,602243923797413889,https://twitter.com/verif_papers/status/602243923797413889,2015-05-23T22:45:15.000Z,tweet,True,False
10.1007/s10107-015-0887-0,4053022,602244131507687425,https://twitter.com/verif_papers/status/602244131507687425,2015-05-23T22:46:04.000Z,tweet,True,False
10.1007/s10107-014-0811-z,2681370,644359011093970944,http://twitter.com/verif_papers/statuses/644359011093970944,2015-09-17T03:55:34.000Z,tweet,True,False
10.1007/s10107-014-0811-z,2681370,510840563613327360,https://twitter.com/ilyaraz/status/510840563613327360,2014-09-13T17:20:55.000Z,tweet,True,False
10.1007/s10107-014-0814-9,4521518,644359014843703296,http://twitter.com/verif_papers/statuses/644359014843703296,2015-09-17T03:55:35.000Z,tweet,True,False
10.1007/s10107-014-0788-7,4292988,622612348948185088,https://twitter.com/verif_papers/status/622612348948185088,2015-07-19T03:42:06.000Z,tweet,True,False
10.1007/s10107-014-0788-7,4292988,464226834737946626,http://twitter.com/MathPaper/status/464226834737946626,2014-05-08T02:14:36.000Z,tweet,True,False
10.1007/s10107-014-0788-7,4292988,464199673897426944,http://twitter.com/mathOCb/status/464199673897426944,2014-05-08T00:26:41.000Z,tweet,True,False
10.1007/s10107-014-0804-y,4521514,644359007126224896,http://twitter.com/verif_papers/statuses/644359007126224896,2015-09-17T03:55:33.000Z,tweet,True,False
10.1007/s10107-014-0764-2,4508777,643625428700172288,http://twitter.com/verif_papers/statuses/643625428700172288,2015-09-15T03:20:34.000Z,tweet,True,False
10.1007/s10107-015-0912-3,4508778,643625426762510336,http://twitter.com/verif_papers/statuses/643625426762510336,2015-09-15T03:20:34.000Z,tweet,True,False
10.1007/s10107-014-0817-6,4053007,602244007230447616,https://twitter.com/verif_papers/status/602244007230447616,2015-05-23T22:45:35.000Z,tweet,True,False
10.1007/s10107-014-0817-6,4053007,407776572184076288,http://twitter.com/MathPaper/status/407776572184076288,2013-12-03T07:41:25.000Z,tweet,True,False
10.1007/s10107-014-0837-2,4508795,643625835967045636,http://twitter.com/verif_papers/statuses/643625835967045636,2015-09-15T03:22:11.000Z,tweet,True,False
10.1007/s10107-014-0744-6,4508798,643625840748576768,http://twitter.com/verif_papers/statuses/643625840748576768,2015-09-15T03:22:13.000Z,tweet,True,False
10.1007/s10107-013-0742-0,4457250,638554413242564608,http://twitter.com/verif_papers/statuses/638554413242564608,2015-09-01T03:30:10.000Z,tweet,True,False
10.1007/s10107-014-0793-x,4292983,622612345886408704,https://twitter.com/verif_papers/status/622612345886408704,2015-07-19T03:42:05.000Z,tweet,True,False
10.1007/s10107-014-0795-8,4292994,622612463855382528,https://twitter.com/verif_papers/status/622612463855382528,2015-07-19T03:42:33.000Z,tweet,True,False
10.1007/s10107-014-0779-8,4292977,622612096878907394,https://twitter.com/verif_papers/status/622612096878907394,2015-07-19T03:41:06.000Z,tweet,True,False
10.1007/s10107-014-0799-4,4292993,622612471023403008,https://twitter.com/verif_papers/status/622612471023403008,2015-07-19T03:42:35.000Z,tweet,True,False
10.1007/s10107-014-0770-4,1020756,261175542693371904,http://twitter.com/salmonsnare/statuses/261175542693371904,2012-10-24T18:41:16.000Z,tweet,True,False
10.1007/s10107-015-0862-9,4508783,643625438598729729,http://twitter.com/verif_papers/statuses/643625438598729729,2015-09-15T03:20:37.000Z,tweet,True,False
10.1007/s10107-014-0780-2,4292995,622612468276199424,https://twitter.com/verif_papers/status/622612468276199424,2015-07-19T03:42:34.000Z,tweet,True,False
10.1007/s10107-014-0843-4,4053027,602244258804862976,https://twitter.com/verif_papers/status/602244258804862976,2015-05-23T22:46:35.000Z,tweet,True,False
10.1007/s10107-014-0848-z,4053020,602244005737279488,https://twitter.com/verif_papers/status/602244005737279488,2015-05-23T22:45:34.000Z,tweet,True,False
10.1007/s10107-014-0838-1,4053006,602243908119056384,https://twitter.com/verif_papers/status/602243908119056384,2015-05-23T22:45:11.000Z,tweet,True,False
10.1007/s10107-014-0810-0,4521516,644359008464211968,http://twitter.com/verif_papers/statuses/644359008464211968,2015-09-17T03:55:33.000Z,tweet,True,False
10.1007/s10107-014-0833-6,4508800,643625851318173696,http://twitter.com/verif_papers/statuses/643625851318173696,2015-09-15T03:22:15.000Z,tweet,True,False
10.1007/s10107-014-0781-1,4292976,638554416358948867,http://twitter.com/verif_papers/statuses/638554416358948867,2015-09-01T03:30:11.000Z,tweet,True,False
10.1007/s10107-014-0781-1,4292976,622612091766083585,https://twitter.com/verif_papers/status/622612091766083585,2015-07-19T03:41:04.000Z,tweet,True,False
10.1007/s10107-015-0879-0,4053002,602243927840661504,https://twitter.com/verif_papers/status/602243927840661504,2015-05-23T22:45:16.000Z,tweet,True,False
10.1007/s10107-014-0834-5,4053010,602244013140258816,https://twitter.com/verif_papers/status/602244013140258816,2015-05-23T22:45:36.000Z,tweet,True,False
10.1007/s10107-014-0802-0,4521519,644359013547708416,http://twitter.com/verif_papers/statuses/644359013547708416,2015-09-17T03:55:35.000Z,tweet,True,False
10.1007/s10107-014-0807-8,4521528,644359138735034368,http://twitter.com/verif_papers/statuses/644359138735034368,2015-09-17T03:56:04.000Z,tweet,True,False
10.1007/s10107-015-0940-z,4508797,643625842661195776,http://twitter.com/verif_papers/statuses/643625842661195776,2015-09-15T03:22:13.000Z,tweet,True,False
10.1007/s10107-014-0782-0,4292980,623586167452225536,https://twitter.com/mluebbecke/status/623586167452225536,2015-07-21T20:11:42.000Z,tweet,True,False
10.1007/s10107-014-0782-0,4292980,622612347413098497,https://twitter.com/verif_papers/status/622612347413098497,2015-07-19T03:42:05.000Z,tweet,True,False
10.1007/s10107-015-0904-3,4053026,602244260553887744,https://twitter.com/verif_papers/status/602244260553887744,2015-05-23T22:46:35.000Z,tweet,True,False
10.1002/nav.21632,4159381,610376918421118976,https://twitter.com/AfshinMansouri/status/610376918421118976,2015-06-15T09:22:52.000Z,tweet,True,False
10.1016/j.cor.2015.05.018,4267763,620401825481527297,https://twitter.com/MathPaper/status/620401825481527297,2015-07-13T01:18:16.000Z,tweet,True,False
10.1016/j.cor.2015.06.009,4511906,623070287878324225,https://twitter.com/pablosansegundo/status/623070287878324225,2015-07-20T10:01:47.000Z,tweet,True,False
10.1016/j.cor.2015.01.002,4493642,641947046354755585,http://twitter.com/BibliotecaFME/statuses/641947046354755585,2015-09-10T12:11:17.000Z,tweet,True,False
10.1016/j.cor.2014.03.006,2207426,449090009199415296,https://twitter.com/MasdarInst/status/449090009199415296,2014-03-27T07:46:16.000Z,tweet,True,False
10.1016/j.cor.2014.11.018,4169437,613263618793164800,https://twitter.com/BibliotecaFME/status/613263618793164800,2015-06-23T08:33:35.000Z,tweet,True,False
10.1016/j.cor.2014.11.018,4169437,610858207955787777,https://twitter.com/BibliotecaCN/status/610858207955787777,2015-06-16T17:15:20.000Z,tweet,True,False
10.1016/j.cor.2014.11.011,3963595,594592964917231616,https://twitter.com/BibliotecaFME/status/594592964917231616,2015-05-02T20:03:04.000Z,tweet,True,False
10.1016/j.cor.2014.11.005,4512610,564770087950110721,https://twitter.com/sj_maher/status/564770087950110721,2015-02-09T12:57:36.000Z,tweet,True,False
10.1016/j.cor.2014.10.008,3934380,591167296720220161,https://twitter.com/javifields/status/591167296720220161,2015-04-23T09:10:41.000Z,tweet,True,False
10.1016/j.cor.2014.10.002,2875646,532190216493101058,https://twitter.com/Portsmouth_IR/status/532190216493101058,2014-11-11T15:16:49.000Z,tweet,True,False
10.1016/j.cor.2014.08.020,4246703,618008417009991680,https://twitter.com/RiuNetUPV/status/618008417009991680,2015-07-06T10:47:43.000Z,tweet,True,False
10.1016/j.cor.2014.08.014,4513029,520494546476879872,https://twitter.com/Aringoogle/status/520494546476879872,2014-10-10T08:42:24.000Z,tweet,True,False
10.1016/j.cor.2014.08.021,8073541,785738140686229504,http://twitter.com/RiuNetUPV/statuses/785738140686229504,2016-10-11T07:05:45.000Z,tweet,True,False
10.1016/j.cor.2014.08.011,32351921,957841259414011904,http://twitter.com/egu_st/statuses/957841259414011904,2018-01-29T05:02:06.000Z,tweet,True,False
10.1007/s11067-014-9281-3,1500533,337372891559632898,http://twitter.com/mathOCb/statuses/337372891559632898,2013-05-23T01:02:20.000Z,tweet,True,False
10.1007/s11067-014-9271-5,3907593,588031591617814528,https://twitter.com/louisdegrange/status/588031591617814528,2015-04-14T17:30:31.000Z,tweet,True,False
10.1007/s11067-013-9207-5,7528404,689822910668648448,http://twitter.com/City_Research/statuses/689822910668648448,2016-01-20T14:52:52.000Z,tweet,True,False
10.1002/net.21595,6139372,707193540204306432,http://twitter.com/StrathclydeOA/statuses/707193540204306432,2016-03-08T13:17:33.000Z,tweet,True,False
10.1002/net.21635,11937247,774618576191909888,http://twitter.com/systems_spin/statuses/774618576191909888,2016-09-10T14:40:34.000Z,tweet,True,False
10.1002/net.21623,6681391,773865675676848128,http://twitter.com/appendens/statuses/773865675676848128,2016-09-08T12:48:49.000Z,tweet,True,False
10.1002/net.21623,6681391,762086051171012608,http://twitter.com/StrathclydeOA/statuses/762086051171012608,2016-08-07T00:40:48.000Z,tweet,True,False
10.1016/j.omega.2014.12.006,3059650,555472746092568577,https://twitter.com/positivearrow/status/555472746092568577,2015-01-14T21:13:17.000Z,tweet,True,False
10.1016/j.omega.2014.12.006,3059650,554934408877051904,https://twitter.com/MathPaper/status/554934408877051904,2015-01-13T09:34:07.000Z,tweet,True,False
10.1016/j.omega.2014.12.006,3059650,554825721474842624,https://twitter.com/mathOCb/status/554825721474842624,2015-01-13T02:22:14.000Z,tweet,True,False
10.1016/j.omega.2014.08.002,2633018,515506206564438016,https://twitter.com/RudolfSinkovics/status/515506206564438016,2014-09-26T14:20:31.000Z,tweet,True,False
10.1016/j.omega.2014.08.003,1643857,359878253864947712,http://twitter.com/Astro_Erik/statuses/359878253864947712,2013-07-24T03:30:36.000Z,tweet,True,False
10.1016/j.omega.2014.08.003,1643857,359841152725303296,http://twitter.com/mathOCb/statuses/359841152725303296,2013-07-24T01:03:10.000Z,tweet,True,False
10.1016/j.omega.2014.09.002,2735737,723144627201548289,http://twitter.com/GALAeprints/statuses/723144627201548289,2016-04-21T13:41:29.000Z,tweet,True,False
10.1016/j.omega.2014.09.002,2735737,517638226752724993,https://twitter.com/GALAeprints/status/517638226752724993,2014-10-02T11:32:25.000Z,tweet,True,False
10.1287/opre.2015.1408,4513743,643898404809125889,http://twitter.com/INFORMS/statuses/643898404809125889,2015-09-15T21:25:17.000Z,tweet,True,False
10.1287/opre.2015.1408,4513743,547569705343778816,https://twitter.com/StatMLPapers/status/547569705343778816,2014-12-24T01:49:25.000Z,tweet,True,False
10.1287/opre.2015.1408,4513743,359476427244048386,http://twitter.com/arXiv_cs/statuses/359476427244048386,2013-07-23T00:53:53.000Z,tweet,True,False
10.1287/opre.2015.1357,3762619,573937468921266178,https://twitter.com/INFORMS/status/573937468921266178,2015-03-06T20:05:30.000Z,tweet,True,False
10.1287/opre.2015.1360,3914166,588719865906659328,https://twitter.com/karsten_frank/status/588719865906659328,2015-04-16T15:05:28.000Z,tweet,True,False
10.1287/opre.2015.1416,4544838,646716584359297024,http://twitter.com/INFORMS/statuses/646716584359297024,2015-09-23T16:03:43.000Z,tweet,True,False
10.1287/opre.2015.1411,4506210,643515057318576129,http://twitter.com/INFORMS/statuses/643515057318576129,2015-09-14T20:02:00.000Z,tweet,True,False
10.1287/opre.2015.1444,4864063,675058874597158914,http://twitter.com/CAPcertify/statuses/675058874597158914,2015-12-10T21:05:52.000Z,tweet,True,False
10.1287/opre.2015.1442,4858935,674695718985166848,http://twitter.com/INFORMS/statuses/674695718985166848,2015-12-09T21:02:49.000Z,tweet,True,False
10.1287/opre.2014.1343,3720885,570588705775341569,https://twitter.com/fjnogales/status/570588705775341569,2015-02-25T14:18:43.000Z,tweet,True,False
10.1287/opre.2015.1405,4494426,642003437178241024,http://twitter.com/INFORMS/statuses/642003437178241024,2015-09-10T15:55:21.000Z,tweet,True,False
10.1287/opre.2015.1395,4248108,618129945303347200,https://twitter.com/INFORMS/status/618129945303347200,2015-07-06T18:50:37.000Z,tweet,True,False
10.1287/opre.2015.1424,4741708,663785836249554944,http://twitter.com/INFORMS/statuses/663785836249554944,2015-11-09T18:30:50.000Z,tweet,True,False
10.1287/opre.2015.1446,4823836,671418998819565569,http://twitter.com/INFORMS/statuses/671418998819565569,2015-11-30T20:02:18.000Z,tweet,True,False
10.1287/opre.2015.1412,4544331,646671151410868224,http://twitter.com/INFORMS/statuses/646671151410868224,2015-09-23T13:03:11.000Z,tweet,True,False
10.1287/opre.2015.1391,4081890,605730153336061953,https://twitter.com/xyytruth/status/605730153336061953,2015-06-02T13:38:17.000Z,tweet,True,False
10.1287/opre.2014.1338,3097811,558652742533935104,https://twitter.com/INFORMS/status/558652742533935104,2015-01-23T15:49:27.000Z,tweet,True,False
10.1287/opre.2015.1447,4958884,811798444813746176,http://twitter.com/DataMiningApps/statuses/811798444813746176,2016-12-22T05:00:06.000Z,tweet,True,False
10.1287/opre.2015.1447,4958884,811584513423904769,http://twitter.com/LexaLogue/statuses/811584513423904769,2016-12-21T14:50:01.000Z,tweet,True,False
10.1287/opre.2015.1447,4958884,810613442063241216,http://twitter.com/nishant_shastry/statuses/810613442063241216,2016-12-18T22:31:19.000Z,tweet,True,False
10.1287/opre.2015.1447,4958884,810381437551673345,http://twitter.com/ahmaurya/statuses/810381437551673345,2016-12-18T07:09:25.000Z,tweet,True,False
10.1287/opre.2015.1426,4716448,665191305740484609,http://twitter.com/INFORMS/statuses/665191305740484609,2015-11-13T15:35:40.000Z,tweet,True,False
10.1287/opre.2015.1426,4716448,661498733448830976,http://twitter.com/bittelsworth/statuses/661498733448830976,2015-11-03T11:02:42.000Z,tweet,True,False
10.1016/j.orl.2015.06.004,2904559,535273261895262208,https://twitter.com/MathPaper/status/535273261895262208,2014-11-20T03:27:45.000Z,tweet,True,False
10.1016/j.orl.2015.06.004,2904559,535252305441206274,https://twitter.com/mathOCb/status/535252305441206274,2014-11-20T02:04:28.000Z,tweet,True,False
10.1016/j.orl.2015.06.014,4572639,649442728258994176,http://twitter.com/MathPaper/statuses/649442728258994176,2015-10-01T04:36:27.000Z,tweet,True,False
10.1016/j.orl.2015.06.014,4572639,649381255218270208,http://twitter.com/mathPRb/statuses/649381255218270208,2015-10-01T00:32:10.000Z,tweet,True,False
10.1016/j.orl.2015.08.001,62956245,1145824866756468736,http://twitter.com/tmaehara/statuses/1145824866756468736,2019-07-01T22:41:51.000Z,tweet,True,False
10.1016/j.orl.2015.05.002,2775527,522214583742652416,https://twitter.com/MathPaper/status/522214583742652416,2014-10-15T02:37:13.000Z,tweet,True,False
10.1016/j.orl.2015.05.002,2775527,522184844114014209,https://twitter.com/mathOCb/status/522184844114014209,2014-10-15T00:39:03.000Z,tweet,True,False
10.1007/s11081-015-9285-y,4535261,645801825107636224,http://twitter.com/mluebbecke/statuses/645801825107636224,2015-09-21T03:28:48.000Z,tweet,True,False
10.1007/s11590-014-0732-z,1640838,805811694962360320,http://twitter.com/SpringerMath/statuses/805811694962360320,2016-12-05T16:30:53.000Z,tweet,True,False
10.1007/s11590-014-0732-z,1640838,617176139119722496,https://twitter.com/verif_papers/status/617176139119722496,2015-07-04T03:40:32.000Z,tweet,True,False
10.1007/s11590-014-0732-z,1640838,359494797888724994,http://twitter.com/MathPaper/statuses/359494797888724994,2013-07-23T02:06:53.000Z,tweet,True,False
10.1007/s11590-014-0795-x,4039828,601590093527195649,https://twitter.com/verif_papers/status/601590093527195649,2015-05-22T03:27:09.000Z,tweet,True,False
10.1007/s11590-014-0841-8,4521474,644358262498791425,http://twitter.com/verif_papers/statuses/644358262498791425,2015-09-17T03:52:36.000Z,tweet,True,False
10.1007/s11590-015-0893-4,4521477,644358386935422976,http://twitter.com/verif_papers/statuses/644358386935422976,2015-09-17T03:53:05.000Z,tweet,True,False
10.1007/s11590-014-0801-3,4343936,626591569995411456,https://twitter.com/verif_papers/status/626591569995411456,2015-07-30T03:14:06.000Z,tweet,True,False
10.1007/s11590-014-0822-y,4039839,601590089257324544,https://twitter.com/verif_papers/status/601590089257324544,2015-05-22T03:27:08.000Z,tweet,True,False
10.1007/s11590-014-0818-7,1837901,601589945262678016,https://twitter.com/verif_papers/status/601589945262678016,2015-05-22T03:26:34.000Z,tweet,True,False
10.1007/s11590-014-0818-7,1837901,391001522299236353,http://twitter.com/arXiv_cs/status/391001522299236353,2013-10-18T00:43:22.000Z,tweet,True,False
10.1007/s11590-014-0800-4,4343934,626591567814393856,https://twitter.com/verif_papers/status/626591567814393856,2015-07-30T03:14:05.000Z,tweet,True,False
10.1007/s11590-014-0827-6,4343938,626591572545548288,https://twitter.com/verif_papers/status/626591572545548288,2015-07-30T03:14:07.000Z,tweet,True,False
10.1007/s11590-014-0825-8,4343920,626591315900264448,https://twitter.com/verif_papers/status/626591315900264448,2015-07-30T03:13:05.000Z,tweet,True,False
10.1007/s11590-014-0812-0,4343928,626591317171134464,https://twitter.com/verif_papers/status/626591317171134464,2015-07-30T03:13:06.000Z,tweet,True,False
10.1007/s11590-015-0848-9,4521471,644358271604645888,http://twitter.com/verif_papers/statuses/644358271604645888,2015-09-17T03:52:38.000Z,tweet,True,False
10.1007/s11590-014-0813-z,4039831,601589957644259328,https://twitter.com/verif_papers/status/601589957644259328,2015-05-22T03:26:37.000Z,tweet,True,False
10.1007/s11590-014-0837-4,4039836,601590091358711808,https://twitter.com/verif_papers/status/601590091358711808,2015-05-22T03:27:09.000Z,tweet,True,False
10.1007/s11590-014-0840-9,2993585,566201978095554560,https://twitter.com/DD_UB/status/566201978095554560,2015-02-13T11:47:25.000Z,tweet,True,False
10.1007/s11590-014-0840-9,2993585,545378642176790528,https://twitter.com/ProfBanzhaf/status/545378642176790528,2014-12-18T00:42:55.000Z,tweet,True,False
10.1007/s11590-015-0870-y,4521478,644358388588003328,http://twitter.com/verif_papers/statuses/644358388588003328,2015-09-17T03:53:06.000Z,tweet,True,False
10.1007/s11590-015-0900-9,4521470,644358269406867456,http://twitter.com/verif_papers/statuses/644358269406867456,2015-09-17T03:52:37.000Z,tweet,True,False
10.1007/s11590-015-0863-x,4521476,644358382833434626,http://twitter.com/verif_papers/statuses/644358382833434626,2015-09-17T03:53:04.000Z,tweet,True,False
10.1007/s11590-014-0804-0,4343935,626591561644507137,https://twitter.com/verif_papers/status/626591561644507137,2015-07-30T03:14:04.000Z,tweet,True,False
10.1007/s11590-014-0808-9,4343937,626591578962812928,https://twitter.com/verif_papers/status/626591578962812928,2015-07-30T03:14:08.000Z,tweet,True,False
10.1007/s11590-014-0817-8,4343922,626591313710833665,https://twitter.com/verif_papers/status/626591313710833665,2015-07-30T03:13:05.000Z,tweet,True,False
10.1007/s11590-014-0750-x,1605343,353020331407056896,http://twitter.com/MathPaper/statuses/353020331407056896,2013-07-05T05:19:40.000Z,tweet,True,False
10.1007/s11590-014-0750-x,1605343,352970942139469825,http://twitter.com/cstheory/statuses/352970942139469825,2013-07-05T02:03:25.000Z,tweet,True,False
10.1007/s11590-015-0892-5,4521480,644358384880214016,http://twitter.com/verif_papers/statuses/644358384880214016,2015-09-17T03:53:05.000Z,tweet,True,False
10.1007/s11590-015-0898-z,4521472,644358267427160064,http://twitter.com/verif_papers/statuses/644358267427160064,2015-09-17T03:52:37.000Z,tweet,True,False
10.1007/s11590-014-0820-0,4039830,601589955471638528,https://twitter.com/verif_papers/status/601589955471638528,2015-05-22T03:26:37.000Z,tweet,True,False
10.1007/s11590-014-0797-8,4039822,601589959665922048,https://twitter.com/verif_papers/status/601589959665922048,2015-05-22T03:26:38.000Z,tweet,True,False
10.1007/s11590-014-0806-y,4039837,601589950237147136,https://twitter.com/verif_papers/status/601589950237147136,2015-05-22T03:26:35.000Z,tweet,True,False
10.1007/s11590-015-0846-y,4521468,644358260657537024,http://twitter.com/verif_papers/statuses/644358260657537024,2015-09-17T03:52:35.000Z,tweet,True,False
10.1007/s11590-014-0843-6,4521467,644358265673945088,http://twitter.com/verif_papers/statuses/644358265673945088,2015-09-17T03:52:36.000Z,tweet,True,False
10.1007/s11590-014-0807-x,4343933,626591577561903104,https://twitter.com/verif_papers/status/626591577561903104,2015-07-30T03:14:08.000Z,tweet,True,False
10.1007/s11590-014-0832-9,4343931,626591565717213184,https://twitter.com/verif_papers/status/626591565717213184,2015-07-30T03:14:05.000Z,tweet,True,False
10.1007/s11590-014-0809-8,4039832,601589952992776196,https://twitter.com/verif_papers/status/601589952992776196,2015-05-22T03:26:36.000Z,tweet,True,False
10.1007/s11590-014-0805-z,4039826,601590086073913344,https://twitter.com/verif_papers/status/601590086073913344,2015-05-22T03:27:08.000Z,tweet,True,False
10.1080/10556788.2014.994704,2941062,539605705020297216,https://twitter.com/mathOCb/status/539605705020297216,2014-12-02T02:23:20.000Z,tweet,True,False
10.1080/10556788.2015.1009977,1398644,325054487129645056,http://twitter.com/arXiv_cs/statuses/325054487129645056,2013-04-19T01:13:23.000Z,tweet,True,False
10.1080/10556788.2015.1009977,1398644,325051229648596993,http://twitter.com/copy75/statuses/325051229648596993,2013-04-19T01:00:26.000Z,tweet,True,False
10.1080/10556788.2015.1009977,1398644,325050926245228544,http://twitter.com/mathNAb/statuses/325050926245228544,2013-04-19T00:59:14.000Z,tweet,True,False
10.1007/s10589-015-9745-5,9694638,753603792793378816,http://twitter.com/SpringerMath/statuses/753603792793378816,2016-07-14T14:55:20.000Z,tweet,True,False
10.1007/s10589-014-9705-5,4424325,635116295399325696,http://twitter.com/ModeMatEC/statuses/635116295399325696,2015-08-22T15:48:19.000Z,tweet,True,False
10.1007/s10589-014-9677-5,2488717,486004333775835137,https://twitter.com/MathPaper/status/486004333775835137,2014-07-07T04:30:37.000Z,tweet,True,False
10.1017/S026996481500008X,2140059,437758282648653824,http://twitter.com/mathPRb/status/437758282648653824,2014-02-24T01:18:02.000Z,tweet,True,False
10.1017/S0269964815000029,1657305,362118627958337536,http://twitter.com/MathPaper/statuses/362118627958337536,2013-07-30T07:53:03.000Z,tweet,True,False
10.1017/S0269964815000194,1926548,404044025356775424,http://twitter.com/BlackPhysicists/status/404044025356775424,2013-11-23T00:29:37.000Z,tweet,True,False
10.1017/S0269964814000254,2096807,430527037141291008,http://twitter.com/StatsPapers/status/430527037141291008,2014-02-04T02:23:39.000Z,tweet,True,False
10.1111/poms.12218,2153742,439550502586830848,http://twitter.com/SCM_guru/status/439550502586830848,2014-02-28T23:59:40.000Z,tweet,True,False
10.1111/poms.12226,2126130,435804642216132608,http://twitter.com/mward04/status/435804642216132608,2014-02-18T15:54:58.000Z,tweet,True,False
10.1111/poms.12226,2126130,435669656045891584,https://twitter.com/bogner/status/435669656045891584,2014-02-18T06:58:35.000Z,tweet,True,False
10.1111/poms.12384,12510683,784689067351040000,http://twitter.com/stefan_becker/statuses/784689067351040000,2016-10-08T09:37:07.000Z,tweet,True,False
10.1080/09537287.2015.1049238,4129155,771277709255245824,http://twitter.com/iliasvlachos/statuses/771277709255245824,2016-09-01T09:25:10.000Z,tweet,True,False
10.1080/09537287.2015.1049238,4129155,771277521677611008,http://twitter.com/iliasvlachos/statuses/771277521677611008,2016-09-01T09:24:25.000Z,tweet,True,False
10.1080/09537287.2015.1049238,4129155,608603076157681664,https://twitter.com/iliasvlachos/status/608603076157681664,2015-06-10T11:54:15.000Z,tweet,True,False
10.1080/09537287.2014.907586,2291754,771300293577478144,http://twitter.com/joachimarts/statuses/771300293577478144,2016-09-01T10:54:54.000Z,tweet,True,False
10.1080/09537287.2014.907586,2291754,464724586047614978,http://twitter.com/jurgen_gordian/status/464724586047614978,2014-05-09T11:12:30.000Z,tweet,True,False
10.1080/09537287.2014.1001808,4300965,623528565032787968,https://twitter.com/ropinot/status/623528565032787968,2015-07-21T16:22:49.000Z,tweet,True,False
10.1080/09537287.2013.848478,6561233,718467175992823808,http://twitter.com/liamcleere/statuses/718467175992823808,2016-04-08T15:54:57.000Z,tweet,True,False
10.1080/09537287.2015.1033494,4636852,674246903031324672,http://twitter.com/ThorstenWuest/statuses/674246903031324672,2015-12-08T15:19:23.000Z,tweet,True,False
10.1080/09537287.2015.1033494,4636852,655033307021881344,http://twitter.com/ThorstenWuest/statuses/655033307021881344,2015-10-16T14:51:24.000Z,tweet,True,False
10.1080/09537287.2014.983579,3891689,586085650002227200,https://twitter.com/sali_mustapha/status/586085650002227200,2015-04-09T08:38:02.000Z,tweet,True,False
10.1007/s11134-015-9448-8,2533951,492179766384930816,https://twitter.com/MathPaper/status/492179766384930816,2014-07-24T05:29:35.000Z,tweet,True,False
10.1007/s11134-015-9448-8,2533951,492104243013095424,https://twitter.com/mathPRb/status/492104243013095424,2014-07-24T00:29:29.000Z,tweet,True,False
10.1007/s11134-015-9460-z,2882514,532761935536979969,https://twitter.com/MathPaper/status/532761935536979969,2014-11-13T05:08:38.000Z,tweet,True,False
10.1007/s11134-015-9460-z,2882514,532715995488452608,https://twitter.com/mathPRb/status/532715995488452608,2014-11-13T02:06:05.000Z,tweet,True,False
10.1007/s11134-015-9451-0,3704930,567585854248341504,https://twitter.com/MathPaper/status/567585854248341504,2015-02-17T07:26:27.000Z,tweet,True,False
10.1007/s11134-015-9435-0,1276913,308394770072494080,http://twitter.com/arXiv_cs/statuses/308394770072494080,2013-03-04T01:53:37.000Z,tweet,True,False
10.1051/ro/2014034,1865485,394995365239209984,http://twitter.com/mathRAb/status/394995365239209984,2013-10-29T01:13:28.000Z,tweet,True,False
10.1016/j.ress.2015.03.018,4847320,673769090117341184,http://twitter.com/ViridescentFrog/statuses/673769090117341184,2015-12-07T07:40:43.000Z,tweet,True,False
10.1016/j.ress.2014.10.004,4248723,618192427518660608,https://twitter.com/Dantiumpro/status/618192427518660608,2015-07-06T22:58:54.000Z,tweet,True,False
10.1016/j.ress.2015.03.008,21369243,613666771556532224,https://twitter.com/bergstrom_johan/status/613666771556532224,2015-06-24T11:15:34.000Z,tweet,True,False
10.1016/j.ress.2015.03.020,4311997,624490902120230912,https://twitter.com/MahasiswaMinang/status/624490902120230912,2015-07-24T08:06:48.000Z,tweet,True,False
10.1016/j.ress.2015.05.023,3986999,598291633805729792,https://twitter.com/arXivStats/status/598291633805729792,2015-05-13T01:00:15.000Z,tweet,True,False
10.1016/j.ress.2015.05.023,3986999,597953555064958977,https://twitter.com/StatsPapers/status/597953555064958977,2015-05-12T02:36:51.000Z,tweet,True,False
10.1016/j.ress.2015.05.009,4077977,605375477356896256,https://twitter.com/hudeprints/status/605375477356896256,2015-06-01T14:08:55.000Z,tweet,True,False
10.1016/j.ress.2015.03.014,21229743,1083046204336939013,http://twitter.com/mellojonny/statuses/1083046204336939013,2019-01-09T17:01:51.000Z,tweet,True,False
10.1016/j.ress.2015.03.014,21229743,1083045663456354304,http://twitter.com/mellojonny/statuses/1083045663456354304,2019-01-09T16:59:42.000Z,tweet,True,False
10.1016/j.ress.2014.11.007,4512744,541334295886192640,https://twitter.com/Palmqvist_Hanna/status/541334295886192640,2014-12-06T20:52:08.000Z,tweet,True,False
10.1016/j.ress.2015.03.022,4505974,643391917309321220,http://twitter.com/RiuNetUPV/statuses/643391917309321220,2015-09-14T11:52:41.000Z,tweet,True,False
10.1016/j.ress.2014.07.023,1597743,352450551918764033,http://twitter.com/candidusflumen/statuses/352450551918764033,2013-07-03T15:35:34.000Z,tweet,True,False
10.1016/j.ress.2014.08.014,3103040,559529738486554624,https://twitter.com/HEPExperPapers/status/559529738486554624,2015-01-26T01:54:19.000Z,tweet,True,False
10.1016/j.ress.2015.01.006,11859622,798472630533648384,http://twitter.com/SJSUscholarwork/statuses/798472630533648384,2016-11-15T10:28:04.000Z,tweet,True,False
10.1016/j.ssci.2015.06.016,4289050,622104435691536384,https://twitter.com/CyclingScience1/status/622104435691536384,2015-07-17T18:03:50.000Z,tweet,True,False
10.1016/j.ssci.2015.04.009,5061719,629562010750087168,https://twitter.com/lyytimaki/status/629562010750087168,2015-08-07T07:57:34.000Z,tweet,True,False
10.1016/j.ssci.2014.06.011,6974983,828501122323185664,http://twitter.com/HandySafeKnife/statuses/828501122323185664,2017-02-06T07:10:35.000Z,tweet,True,False
10.1016/j.ssci.2014.06.011,6974983,799623736320262144,http://twitter.com/NIOSHConstruct/statuses/799623736320262144,2016-11-18T14:42:09.000Z,tweet,True,False
10.1016/j.ssci.2014.06.011,6974983,799262220832018437,http://twitter.com/WA_Support_/statuses/799262220832018437,2016-11-17T14:45:37.000Z,tweet,True,False
10.1016/j.ssci.2014.06.011,6974983,799262148916412416,http://twitter.com/EMS_Information/statuses/799262148916412416,2016-11-17T14:45:20.000Z,tweet,True,False
10.1016/j.ssci.2015.07.029,4399106,634481035955318784,http://twitter.com/abiresearchlab/statuses/634481035955318784,2015-08-20T21:44:01.000Z,tweet,True,False
10.1016/j.ssci.2015.06.004,4268204,613152496928686080,https://twitter.com/MullanBarbara/status/613152496928686080,2015-06-23T01:12:01.000Z,tweet,True,False
10.1016/j.ssci.2015.06.004,4268204,612799581504417792,https://twitter.com/MullanBarbara/status/612799581504417792,2015-06-22T01:49:40.000Z,tweet,True,False
10.1016/j.ssci.2015.02.020,3926762,576147689458556928,https://twitter.com/LisaDorn/status/576147689458556928,2015-03-12T22:28:08.000Z,tweet,True,False
10.1016/j.ssci.2015.07.031,4511763,633547705269264384,http://twitter.com/jcweichbrodt/statuses/633547705269264384,2015-08-18T07:55:18.000Z,tweet,True,False
10.1016/j.ssci.2015.04.007,4755761,664955977410740224,http://twitter.com/nzmenshealth/statuses/664955977410740224,2015-11-13T00:00:33.000Z,tweet,True,False
10.1016/j.ssci.2015.06.009,4275558,624290387029557248,https://twitter.com/DoloresSantamar/status/624290387029557248,2015-07-23T18:50:01.000Z,tweet,True,False
10.1016/j.ssci.2015.06.009,4275558,623515561490825216,https://twitter.com/MexicoLogistico/status/623515561490825216,2015-07-21T15:31:08.000Z,tweet,True,False
10.1016/j.ssci.2015.06.009,4275558,621717160763748352,https://twitter.com/boletipzjosecas/status/621717160763748352,2015-07-16T16:24:56.000Z,tweet,True,False
10.1016/j.ssci.2015.06.009,4275558,621686767532548096,https://twitter.com/MexicoLogistico/status/621686767532548096,2015-07-16T14:24:10.000Z,tweet,True,False
10.1016/j.ssci.2015.06.015,4246789,618017843272155136,https://twitter.com/Els_SocialScien/status/618017843272155136,2015-07-06T11:25:10.000Z,tweet,True,False
10.1016/j.ssci.2015.06.015,4246789,618017838662594560,https://twitter.com/ElsGeogPlan/status/618017838662594560,2015-07-06T11:25:09.000Z,tweet,True,False
10.1016/j.ssci.2014.11.004,4334028,625785795316584453,https://twitter.com/STRSpeechTech/status/625785795316584453,2015-07-27T21:52:14.000Z,tweet,True,False
10.1016/j.ssci.2015.07.013,69659931,1190512007750942720,http://twitter.com/ShuaibMaldives/statuses/1190512007750942720,2019-11-02T06:12:35.000Z,tweet,True,False
10.1016/j.ssci.2015.06.008,4244889,617782969059704832,https://twitter.com/CYSPA_Alliance/status/617782969059704832,2015-07-05T19:51:52.000Z,tweet,True,False
10.1016/j.sysconle.2015.01.005,1725381,374725644807970816,http://twitter.com/MathPaper/statuses/374725644807970816,2013-09-03T02:48:50.000Z,tweet,True,False
10.1016/j.sysconle.2015.01.005,1725381,374696695122395136,http://twitter.com/arXiv_cs/statuses/374696695122395136,2013-09-03T00:53:48.000Z,tweet,True,False
10.1016/j.sysconle.2014.10.009,2221754,448979463770894337,http://twitter.com/mathOCb/status/448979463770894337,2014-03-27T00:27:00.000Z,tweet,True,False
10.1016/j.sysconle.2014.11.002,4246292,617975657792823296,https://twitter.com/wrro/status/617975657792823296,2015-07-06T08:37:32.000Z,tweet,True,False
10.1016/j.sysconle.2014.11.004,2441472,478788286568083457,http://twitter.com/MathPaper/status/478788286568083457,2014-06-17T06:36:37.000Z,tweet,True,False
10.1016/j.sysconle.2014.11.004,2441472,478707184901971968,http://twitter.com/mathFAbot/status/478707184901971968,2014-06-17T01:14:21.000Z,tweet,True,False
10.1016/j.trb.2015.05.002,2104670,431612032740098048,http://twitter.com/mathOCb/status/431612032740098048,2014-02-07T02:15:02.000Z,tweet,True,False
10.1016/j.trb.2015.01.009,2086913,430076058701168640,https://twitter.com/OhhSocialMedia/status/430076058701168640,2014-02-02T20:31:37.000Z,tweet,True,False
10.1016/j.trb.2015.01.009,2086913,429606969058422785,http://twitter.com/BlackPhysicists/status/429606969058422785,2014-02-01T13:27:37.000Z,tweet,True,False
10.1016/j.trb.2015.01.009,2086913,429584768431190016,http://twitter.com/fermin771009/status/429584768431190016,2014-02-01T11:59:24.000Z,tweet,True,False
10.1016/j.trb.2015.01.009,2086913,429580882169458688,https://twitter.com/BlackPhysicists/status/429580882169458688,2014-02-01T11:43:58.000Z,tweet,True,False
10.1016/j.trb.2015.01.009,2086913,429079495199318016,http://twitter.com/PhysicsPaper/status/429079495199318016,2014-01-31T02:31:38.000Z,tweet,True,False
10.1016/j.trb.2015.01.009,2086913,429066181732204544,http://twitter.com/arXiv_cs/status/429066181732204544,2014-01-31T01:38:44.000Z,tweet,True,False
10.1016/j.trb.2015.06.014,4788347,667704923212107777,http://twitter.com/renatoarbex/statuses/667704923212107777,2015-11-20T14:03:53.000Z,tweet,True,False
10.1016/j.trb.2015.03.012,3999492,609024312016670720,https://twitter.com/wrro/status/609024312016670720,2015-06-11T15:48:05.000Z,tweet,True,False
10.1016/j.trb.2015.08.011,4535238,725972642243731456,http://twitter.com/mluebbecke/statuses/725972642243731456,2016-04-29T08:59:00.000Z,tweet,True,False
10.1016/j.trb.2015.07.008,1402997,326139187294261249,http://twitter.com/mathOCb/statuses/326139187294261249,2013-04-22T01:03:36.000Z,tweet,True,False
10.1016/j.trb.2015.03.008,12141913,986139539780481024,http://twitter.com/hato0816/statuses/986139539780481024,2018-04-17T07:09:22.000Z,tweet,True,False
10.1016/j.trb.2015.03.001,4512484,579938419964538880,https://twitter.com/EMagirou/status/579938419964538880,2015-03-23T09:31:08.000Z,tweet,True,False
10.1016/j.trb.2015.03.009,3943362,605395984005218304,https://twitter.com/wrro/status/605395984005218304,2015-06-01T15:30:24.000Z,tweet,True,False
10.1016/j.trb.2015.06.001,4654484,656745132008546304,http://twitter.com/BibliotecaFME/statuses/656745132008546304,2015-10-21T08:13:35.000Z,tweet,True,False
10.1016/j.trb.2015.09.001,10267896,761239429453193217,http://twitter.com/wrro/statuses/761239429453193217,2016-08-04T16:36:37.000Z,tweet,True,False
10.1016/j.tre.2015.06.008,4289063,622105393385349120,https://twitter.com/cagatay_iris/status/622105393385349120,2015-07-17T18:07:38.000Z,tweet,True,False
10.1016/j.tre.2015.03.007,4265410,619152920265797632,https://twitter.com/kueprints/status/619152920265797632,2015-07-09T14:35:34.000Z,tweet,True,False
10.1287/trsc.2013.0483,3545782,565869969016373248,https://twitter.com/its_uk_org/status/565869969016373248,2015-02-12T13:48:08.000Z,tweet,True,False
10.1287/trsc.2015.0625,4356780,628191099589402624,https://twitter.com/INFORMS/status/628191099589402624,2015-08-03T13:10:04.000Z,tweet,True,False
10.1287/trsc.2013.0493,4428082,635822391545827328,http://twitter.com/ESGRecherche/statuses/635822391545827328,2015-08-24T14:34:05.000Z,tweet,True,False
10.1287/trsc.2013.0496,2194837,446029314341863424,http://twitter.com/Long_He/status/446029314341863424,2014-03-18T21:04:10.000Z,tweet,True,False
10.1287/trsc.2013.0496,2194837,445980421860622336,https://twitter.com/evrenguney/status/445980421860622336,2014-03-18T17:49:53.000Z,tweet,True,False
10.1287/trsc.2015.0619,4417554,634393231539707904,http://twitter.com/INFORMS/statuses/634393231539707904,2015-08-20T15:55:07.000Z,tweet,True,False
10.1287/trsc.2013.0509,2338589,464716203840536576,http://twitter.com/INFORMS/status/464716203840536576,2014-05-09T10:39:11.000Z,tweet,True,False
10.1287/trsc.2013.0478,1693713,510444358907490304,https://twitter.com/GermanRiano/status/510444358907490304,2014-09-12T15:06:33.000Z,tweet,True,False
10.1287/trsc.2013.0478,1693713,510028104900046848,https://twitter.com/SergioCabrales/status/510028104900046848,2014-09-11T11:32:30.000Z,tweet,True,False
10.1287/trsc.2013.0478,1693713,509929846777335808,https://twitter.com/GermanRiano/status/509929846777335808,2014-09-11T05:02:04.000Z,tweet,True,False
10.1287/trsc.2013.0478,1693713,368458456766107648,http://twitter.com/INFORMS/statuses/368458456766107648,2013-08-16T19:45:16.000Z,tweet,True,False
10.1287/trsc.2014.0560,3040153,552439850662903808,https://twitter.com/INFORMS/status/552439850662903808,2015-01-06T12:21:38.000Z,tweet,True,False
10.1287/trsc.2013.0479,1693069,368365185050083328,http://twitter.com/INFORMS/statuses/368365185050083328,2013-08-16T13:34:38.000Z,tweet,True,False
10.1287/trsc.2013.0482,1693033,368358297835155456,http://twitter.com/INFORMS/statuses/368358297835155456,2013-08-16T13:07:16.000Z,tweet,True,False
10.1287/trsc.2014.0547,2658581,507869522284802049,https://twitter.com/INFORMS/status/507869522284802049,2014-09-05T12:35:04.000Z,tweet,True,False
10.1016/j.dss.2015.09.003,4508150,737181868026671104,http://twitter.com/bizcom/statuses/737181868026671104,2016-05-30T07:20:28.000Z,tweet,True,False
10.1016/j.dss.2015.09.003,4508150,664280334549327872,http://twitter.com/papers___/statuses/664280334549327872,2015-11-11T03:15:48.000Z,tweet,True,False
10.1016/j.dss.2015.09.003,4508150,664257430419865604,http://twitter.com/mining_papers/statuses/664257430419865604,2015-11-11T01:44:47.000Z,tweet,True,False
10.1016/j.dss.2015.09.003,4508150,652535857606320128,http://twitter.com/jrmontag/statuses/652535857606320128,2015-10-09T17:27:26.000Z,tweet,True,False
10.1016/j.dss.2015.09.003,4508150,652234775835582464,http://twitter.com/HWhelchel/statuses/652234775835582464,2015-10-08T21:31:03.000Z,tweet,True,False
10.1016/j.dss.2015.09.003,4508150,651055751302025216,http://twitter.com/icymihn/statuses/651055751302025216,2015-10-05T15:26:01.000Z,tweet,True,False
10.1016/j.dss.2015.09.003,4508150,650916560232710145,http://twitter.com/HollyEmblem/statuses/650916560232710145,2015-10-05T06:12:56.000Z,tweet,True,False
10.1016/j.dss.2015.09.003,4508150,650748238887305216,http://twitter.com/JanHaugland/statuses/650748238887305216,2015-10-04T19:04:05.000Z,tweet,True,False
10.1016/j.dss.2015.09.003,4508150,650747933415968768,http://twitter.com/Zaporozhian/statuses/650747933415968768,2015-10-04T19:02:52.000Z,tweet,True,False
10.1016/j.dss.2015.09.003,4508150,650741109375811584,http://twitter.com/neilmcgillivray/statuses/650741109375811584,2015-10-04T18:35:45.000Z,tweet,True,False
10.1016/j.dss.2015.09.003,4508150,650736189838880768,http://twitter.com/mgFreak/statuses/650736189838880768,2015-10-04T18:16:12.000Z,tweet,True,False
10.1016/j.dss.2015.09.003,4508150,650727103705427969,http://twitter.com/newsyc20/statuses/650727103705427969,2015-10-04T17:40:06.000Z,tweet,True,False
10.1016/j.dss.2015.09.003,4508150,650708368433266689,http://twitter.com/jedisct1/statuses/650708368433266689,2015-10-04T16:25:39.000Z,tweet,True,False
10.1016/j.dss.2015.09.003,4508150,650694985415684096,http://twitter.com/mit01dev/statuses/650694985415684096,2015-10-04T15:32:28.000Z,tweet,True,False
10.1016/j.dss.2015.09.003,4508150,650694955124420608,http://twitter.com/Yelow79/statuses/650694955124420608,2015-10-04T15:32:21.000Z,tweet,True,False
10.1016/j.dss.2015.09.003,4508150,650694852045213696,http://twitter.com/ViiaViio_JR/statuses/650694852045213696,2015-10-04T15:31:56.000Z,tweet,True,False
10.1016/j.dss.2015.09.003,4508150,650694829676990464,http://twitter.com/RaivooNET/statuses/650694829676990464,2015-10-04T15:31:51.000Z,tweet,True,False
10.1016/j.dss.2015.09.003,4508150,650694776476438528,http://twitter.com/AWLITF/statuses/650694776476438528,2015-10-04T15:31:38.000Z,tweet,True,False
10.1016/j.dss.2015.09.003,4508150,650694763893551104,http://twitter.com/HaxNewsFeed/statuses/650694763893551104,2015-10-04T15:31:35.000Z,tweet,True,False
10.1016/j.dss.2015.09.003,4508150,650692514354212865,http://twitter.com/jgbarah/statuses/650692514354212865,2015-10-04T15:22:39.000Z,tweet,True,False
10.1016/j.dss.2015.09.003,4508150,650688629107503104,http://twitter.com/neuropuff/statuses/650688629107503104,2015-10-04T15:07:13.000Z,tweet,True,False
10.1016/j.dss.2015.09.003,4508150,650294886588153856,http://twitter.com/myikegami_bot/statuses/650294886588153856,2015-10-03T13:02:37.000Z,tweet,True,False
10.1016/j.dss.2015.09.003,4508150,650289551173402624,http://twitter.com/devnewsbot/statuses/650289551173402624,2015-10-03T12:41:25.000Z,tweet,True,False
10.1016/j.dss.2015.09.003,4508150,650289359749562368,http://twitter.com/davidcamachoj/statuses/650289359749562368,2015-10-03T12:40:39.000Z,tweet,True,False
10.1016/j.dss.2015.09.003,4508150,650289019150925824,http://twitter.com/Movin_beta/statuses/650289019150925824,2015-10-03T12:39:18.000Z,tweet,True,False
10.1016/j.dss.2015.09.003,4508150,650287742677569536,http://twitter.com/linnflux/statuses/650287742677569536,2015-10-03T12:34:14.000Z,tweet,True,False
10.1016/j.dss.2015.09.003,4508150,650287691104432128,http://twitter.com/Peta_Eaton/statuses/650287691104432128,2015-10-03T12:34:01.000Z,tweet,True,False
10.1016/j.dss.2015.09.003,4508150,650287477429796865,http://twitter.com/periscoperepub/statuses/650287477429796865,2015-10-03T12:33:11.000Z,tweet,True,False
10.1016/j.dss.2015.09.003,4508150,650287188756824064,http://twitter.com/tm_interesting/statuses/650287188756824064,2015-10-03T12:32:02.000Z,tweet,True,False
10.1016/j.dss.2015.09.003,4508150,650287188446416896,http://twitter.com/Track_Chat/statuses/650287188446416896,2015-10-03T12:32:02.000Z,tweet,True,False
10.1016/j.dss.2015.09.003,4508150,650286682848169984,http://twitter.com/HNTweets/statuses/650286682848169984,2015-10-03T12:30:01.000Z,tweet,True,False
10.1016/j.dss.2015.09.003,4508150,643892135763116032,http://twitter.com/arXivStats/statuses/643892135763116032,2015-09-15T21:00:22.000Z,tweet,True,False
10.1016/j.dss.2015.09.003,4508150,643623854586380289,http://twitter.com/papers___/statuses/643623854586380289,2015-09-15T03:14:19.000Z,tweet,True,False
10.1016/j.dss.2015.09.003,4508150,643586516934115328,http://twitter.com/mining_papers/statuses/643586516934115328,2015-09-15T00:45:57.000Z,tweet,True,False
10.1016/j.dss.2015.07.005,4416354,634308442497417216,http://twitter.com/URpubs/statuses/634308442497417216,2015-08-20T10:18:12.000Z,tweet,True,False
10.1016/j.dss.2015.06.001,4199573,613268308171857920,https://twitter.com/cataldomusto/status/613268308171857920,2015-06-23T08:52:13.000Z,tweet,True,False
10.1016/j.dss.2015.04.013,3986123,603913163357200384,https://twitter.com/C_Bravo_R/status/603913163357200384,2015-05-28T13:18:12.000Z,tweet,True,False
10.1016/j.dss.2015.04.013,3986123,602740702859034624,https://twitter.com/DataMiningApps/status/602740702859034624,2015-05-25T07:39:16.000Z,tweet,True,False
10.1016/j.dss.2015.02.017,3800906,578009664882884608,https://twitter.com/helioRocha_/status/578009664882884608,2015-03-18T01:46:57.000Z,tweet,True,False
10.1016/j.dss.2015.02.017,3800906,577990925340770304,https://twitter.com/dbworld_/status/577990925340770304,2015-03-18T00:32:29.000Z,tweet,True,False
10.1016/j.dss.2015.02.018,3857107,734902761792405504,http://twitter.com/Buzz_Ed/statuses/734902761792405504,2016-05-24T00:24:06.000Z,tweet,True,False
10.1016/j.dss.2015.01.010,4814733,801723823372566528,http://twitter.com/UBriskcenter/statuses/801723823372566528,2016-11-24T09:47:09.000Z,tweet,True,False
10.1016/j.dss.2015.01.006,3105232,559820562793390080,https://twitter.com/ADRSYSNET/status/559820562793390080,2015-01-26T21:09:57.000Z,tweet,True,False
10.1016/j.dss.2015.01.005,3105227,562721067450761218,https://twitter.com/ADRSYSNET/status/562721067450761218,2015-02-03T21:15:31.000Z,tweet,True,False
10.1016/j.dss.2015.01.005,3105227,562705888193314816,https://twitter.com/ADRSYSNET/status/562705888193314816,2015-02-03T20:15:12.000Z,tweet,True,False
10.1016/j.dss.2015.01.005,3105227,559820218998853632,https://twitter.com/ADRSYSNET/status/559820218998853632,2015-01-26T21:08:35.000Z,tweet,True,False
10.1016/j.dss.2014.12.001,9910278,781560200834772992,http://twitter.com/Buzz_Ed/statuses/781560200834772992,2016-09-29T18:24:07.000Z,tweet,True,False
10.1016/j.dss.2014.11.003,4512891,542664681601925120,https://twitter.com/patrickmarcel4/status/542664681601925120,2014-12-10T12:58:36.000Z,tweet,True,False
10.1016/j.dss.2014.11.010,2986464,544758255616929792,https://twitter.com/ADRSYSNET/status/544758255616929792,2014-12-16T07:37:43.000Z,tweet,True,False
10.1016/j.dss.2014.11.010,2986464,544754847220629504,https://twitter.com/ADRSYSNET/status/544754847220629504,2014-12-16T07:24:11.000Z,tweet,True,False
10.1016/j.dss.2014.11.010,2986464,544739887107166208,https://twitter.com/ADRSYSNET/status/544739887107166208,2014-12-16T06:24:44.000Z,tweet,True,False
10.1016/j.dss.2014.11.010,2986464,544731400474087424,https://twitter.com/ADRSYSNET/status/544731400474087424,2014-12-16T05:51:01.000Z,tweet,True,False
10.1016/j.dss.2014.11.002,2959262,764256181179260928,http://twitter.com/Buzz_Ed/statuses/764256181179260928,2016-08-13T00:24:07.000Z,tweet,True,False
10.1016/j.dss.2014.11.002,2959262,558658321758957568,https://twitter.com/Toffeemen68/status/558658321758957568,2015-01-23T16:11:37.000Z,tweet,True,False
10.1007/s10626-013-0179-x,1629392,357355820641562625,http://twitter.com/Astro_Erik/statuses/357355820641562625,2013-07-17T04:27:21.000Z,tweet,True,False
10.1007/s10626-013-0179-x,1629392,357304287879102464,http://twitter.com/mathOCb/statuses/357304287879102464,2013-07-17T01:02:35.000Z,tweet,True,False
10.1016/j.disopt.2014.10.001,21511160,626591824430280704,https://twitter.com/verif_papers/status/626591824430280704,2015-07-30T03:15:07.000Z,tweet,True,False
10.1016/j.disopt.2015.03.003,21511159,626591808122851328,https://twitter.com/verif_papers/status/626591808122851328,2015-07-30T03:15:03.000Z,tweet,True,False
10.1016/j.disopt.2015.04.001,21511162,626591821699792897,https://twitter.com/verif_papers/status/626591821699792897,2015-07-30T03:15:06.000Z,tweet,True,False
10.1016/j.disopt.2015.05.001,21511155,626591581949136896,https://twitter.com/verif_papers/status/626591581949136896,2015-07-30T03:14:09.000Z,tweet,True,False
10.1016/j.disopt.2015.06.001,21511161,626591817044135937,https://twitter.com/verif_papers/status/626591817044135937,2015-07-30T03:15:05.000Z,tweet,True,False
