SO,altmetric_id,blogs,citeulike,dimensions_citation,f1000,facebook pages,mendeley,news outlets,policy,redditors,tweeters,video uploader,weibo,wikipedia,tweets_count,tweets_origin_count,mendeley.1,评论数,TC,0.2,0.6,0.2.1,l1,0.6.1,0.2.2,0.2.3,l2,0.2.4,0.4,0.4.1,l3,0.4.2,0.2.5,0.4.3,l4,0.1,0.3,0.6.2,l5,0.3.1,0.1.1,0.6.3,l6,0.05,0.15,0.8,l7,0.15.1,0.05.1,0.8.1,l8
ANNALS OF OPERATIONS RESEARCH,86344750.0,0,0,160,0,1,162,0,0,0,7,0,0,2,8,6,162,11,706,13.908062123374249,9.29739670999407,109.06301554813874,27.587390580091167,45.36136576366371,8.319507910772895,109.06301554813874,82.0652296631625,13.908062123374249,8.741101126592248,164.80318853999657,42.49133145652382,24.814117954821867,8.319507910772895,164.80318853999657,73.82578076741657,10.513044295938297,8.515716566510399,258.4985643172905,51.3225634667652,18.51907072755415,8.148698354997034,258.4985643172905,89.90548469227157,8.100000000000001,1.65,564.8000000000002,35.01000000000001,24.299999999999997,0.55,564.8000000000002,35.010000000000005
APPLIED STOCHASTIC MODELS IN BUSINESS AND INDUSTRY,29899854.0,0,3,57,0,6,53,0,0,0,9,0,0,0,9,7,53,15,418,10.373196251054608,10.830979267816083,68.63458450666009,21.66925324062199,23.19091620445057,8.034589528840621,68.63458450666009,36.307623636485914,10.373196251054608,9.294552543291868,94.55544013683189,25.883517407495518,15.465237057988496,8.034589528840621,94.55544013683189,33.731400084094936,8.514718968108003,8.63345633763756,140.6241787220866,27.96232991133062,12.656467930312242,7.4919164471743,140.6241787220866,36.71080206312107,2.6500000000000004,2.2499999999999996,334.4000000000002,4.500000000000001,7.949999999999999,0.7500000000000001,334.4000000000002,4.500000000000001
ASIA-PACIFIC JOURNAL OF OPERATIONAL RESEARCH,14597765.0,0,0,36,0,0,21,0,0,0,2,0,0,1,2,2,21,3,223,3.2002874586632917,2.515716566510398,50.96735398349023,6.293279941058219,8.196440838626874,2.148698354997035,50.96735398349023,13.120444622894187,3.2002874586632917,2.319507910772894,66.79572159301335,9.545431214109922,5.121385066788454,2.148698354997035,66.79572159301335,13.550805828790553,2.529907027004308,2.231144413344916,93.15658318160706,12.715665922606703,4.048398728627724,2.071773462536293,93.15658318160706,17.843706818633578,1.05,0.44999999999999996,178.4,3.426,3.15,0.15000000000000002,178.4,3.4260000000000006
COMPUTATIONAL OPTIMIZATION AND APPLICATIONS,18541489.0,0,0,9,0,1,24,0,0,0,13,0,0,0,13,6,24,14,469,5.477332428412689,8.178711027668598,104.74964324830907,12.455779841630083,11.075681236258943,5.018900811204139,104.74964324830907,15.538953700979997,5.477332428412689,6.368767819943928,144.91083880880944,10.958892142439728,7.704843657437312,5.018900811204139,144.91083880880944,12.266044815887826,4.663444012912771,5.645467959526739,206.91116409831523,9.645991454725287,6.476676132478254,4.474484143145558,206.91116409831523,10.81424540573983,1.2000000000000002,2.1,375.20000000000016,0.8340000000000001,3.5999999999999996,0.7000000000000001,375.20000000000016,0.8340000000000001
COMPUTERS & OPERATIONS RESEARCH,219408092.0,0,0,614,0,3,1239,1,0,0,42,0,0,2,47,36,1239,53,3376,58.14947263721246,40.101599616540405,341.31670628848536,136.2911317253459,254.77087885831088,31.917114984912388,341.31670628848536,493.8363262148866,58.14947263721246,35.553368062664745,575.711547155902,208.49207601071984,120.0307474352452,31.917114984912388,575.711547155902,402.03079762102675,40.91461026906148,33.6344302518232,1005.5159361723577,239.35479156013224,83.24688080416973,30.378923654969945,1005.5159361723577,467.1076460360743,61.949999999999996,7.950000000000003,2700.799999999999,469.86600000000004,185.85000000000002,2.65,2700.799999999999,469.8660000000001
CONCURRENT ENGINEERING-RESEARCH AND APPLICATIONS,47127622.0,0,0,3,0,0,9,1,0,0,0,0,0,0,0,0,9,1,166,1.5518455739153598,1.0,35.31952574204851,1.7826024579660036,3.737192818846552,1.0,35.31952574204851,4.292907243315767,1.5518455739153598,1.0,49.355432440523536,2.0476725110792193,2.4082246852806923,1.0,49.355432440523536,3.177671523146437,1.2457309396155174,1.0,71.22361884704978,1.888175022589804,1.9331820449317627,1.0,71.22361884704978,2.930156051583521,0.45,0.15,132.8,0.10800000000000001,1.3499999999999999,0.05,132.8,0.10799999999999998
DECISION SUPPORT SYSTEMS,199901735.0,0,5,1193,0,1,5497,5,0,2,184,0,0,1,223,166,5497,230,1905,105.74990977917031,89.31448410015976,184.87340682762246,417.8061014595728,719.9880170776806,50.37811817022789,184.87340682762246,1600.4495195232935,105.74990977917031,64.84839749450921,312.74318574352714,530.15132975983,272.4409873028226,50.37811817022789,312.74318574352714,1085.7759394516406,66.46254037287942,56.761304925169725,548.2389346813138,514.3715300182992,169.22671785545774,45.23013889679978,548.2389346813138,1111.1897846126697,274.85,34.49999999999999,1523.9999999999989,8743.247999999998,824.5500000000003,11.500000000000002,1523.9999999999989,8743.247999999998
DISCRETE EVENT DYNAMIC SYSTEMS-THEORY AND APPLICATIONS,5562510.0,0,0,41,0,1,30,0,0,0,3,0,0,0,3,3,30,4,172,3.405457395487194,2.9331820449317627,31.272197896760286,8.63797150364741,10.015248042080135,2.2457309396155174,31.272197896760286,19.48685899616519,3.405457395487194,2.55184557391536,44.60386744527837,12.686414458226423,5.826340448849567,2.2457309396155174,44.60386744527837,19.13358424117417,2.6082082594677303,2.3903891703159093,66.76448933914781,15.386539165092021,4.45171836720046,2.1161231740339046,66.76448933914781,23.30682913153382,1.5,0.6,137.6,5.64,4.5,0.2,137.6,5.640000000000001
DISCRETE OPTIMIZATION,172089268.0,0,0,12,0,0,46,0,0,0,8,0,0,0,8,8,46,8,53,11.173958709853103,8.0,26.49621968726405,6.066210638727432,22.323673935532753,8.0,26.49621968726405,10.93569286839526,11.173958709853103,8.0,30.905614982408398,6.908298628783245,15.73158345336749,8.0,30.905614982408398,9.224895722597296,9.445344652361946,8.0,36.512197642434515,6.868284590703592,13.24521565548396,8.0,36.512197642434515,9.12777862344306,2.3000000000000003,1.2,42.400000000000006,0.198,6.8999999999999995,0.39999999999999997,42.400000000000006,0.198
ENGINEERING OPTIMIZATION,8992594.0,0,0,66,0,1,45,0,0,0,3,0,0,0,5,5,45,6,687,5.066716319736888,4.29739670999407,125.00394786338066,10.909024814623786,14.8536594272193,3.319507910772894,125.00394786338066,25.822486779108395,5.066716319736888,3.7411011265922482,183.6052123419033,15.892378136374735,8.637108480062846,3.319507910772894,183.6052123419033,25.038645257010565,3.89410655040497,3.515716566510398,277.89622799408227,19.690649656994427,6.607774845509465,3.148698354997035,277.89622799408227,31.67119707618074,2.25,0.9,549.5999999999999,4.644,6.75,0.3,549.5999999999999,4.644
EUROPEAN JOURNAL OF OPERATIONAL RESEARCH,238971900.0,0,2,1628,0,3,5269,6,0,0,125,0,0,1,156,106,5269,166,4048,131.82483143809728,94.97631186819426,428.99868794533415,439.01802038192454,777.9189326155997,63.851556754340066,428.99868794533415,1794.1009256520983,131.82483143809728,76.47674940184586,714.2859751867913,651.8888610074822,314.9060328974841,63.851556754340066,714.2859751867913,1334.7024425395662,86.33960232167614,69.58541867019535,1231.3315947604917,696.8540711938849,202.90809601292744,59.04887178633742,1231.3315947604917,1444.3532940177708,263.44999999999993,24.9,3238.400000000001,15454.349999999999,790.3500000000001,8.299999999999999,3238.400000000001,15454.35
EXPERT SYSTEMS WITH APPLICATIONS,898781484.0,3,7,3082,0,16,8658,2,2,0,137,0,1,11,163,124,8658,196,15025,225.10996342355904,132.83777522423256,1318.831999486105,560.1860551230917,1318.264335640996,101.00473394296559,1318.831999486105,2640.8441283234165,225.10996342355904,114.4295300152113,2305.2290270623716,907.0810610856992,537.1158665888942,101.00473394296559,2305.2290270623716,2020.2836950549738,147.26184518770853,107.20802568670081,4168.92306263894,1047.2530474750238,346.5068235897767,95.6481554333873,4168.92306263894,2393.9409459035937,432.90000000000015,29.399999999999977,12019.999999999995,4700.256000000003,1298.7000000000003,9.800000000000004,12019.999999999995,4700.256000000003
IIE TRANSACTIONS,8272101.0,0,0,72,0,0,88,0,0,0,2,0,0,0,2,2,88,2,643,3.7997310684271777,2.0,116.28863585241488,7.369716978087363,16.79904052368453,2.0,116.28863585241488,35.11159176997614,3.7997310684271777,2.0,170.15383531735455,14.759768421633641,7.760060748433117,2.0,170.15383531735455,32.592724795278436,2.7302543139143456,2.0,256.898547951595,20.42900253032259,5.38529638281849,2.0,256.898547951595,45.510837550420696,4.4,0.3,514.4000000000001,26.106000000000005,13.2,0.1,514.4000000000001,26.106000000000005
INFOR,0.0,0,0,0,0,0,0,0,0,0,0,0,0,0,0,0,0,0,8,0.0,0.0,4.491461879231035,0.0,0.0,0.0,4.491461879231035,0.0,0.0,0.0,5.10369114783072,0.0,0.0,0.0,5.10369114783072,0.0,0.0,0.0,5.866364089863525,0.0,0.0,0.0,5.866364089863525,0.0,0.0,0.0,6.4,0.0,0.0,0.0,6.4,0.0
INFORMS JOURNAL ON COMPUTING,52706111.0,0,1,206,0,9,353,0,0,0,31,0,0,0,31,24,353,40,359,21.455346619465043,21.577374347049712,62.51002988113757,76.05882803827735,78.52444586900695,14.107183627620845,62.51002988113757,184.5784037546143,21.455346619465043,17.102854966665607,90.31194384412512,100.27910127501427,40.06281402447853,14.107183627620845,90.31194384412512,156.17992424793258,15.964247316490583,15.464856115961902,136.16793596099694,107.2144455824915,29.149856362056685,12.967820259461519,136.16793596099694,166.99137365348832,17.65,6.0,287.20000000000005,1846.4880000000005,52.95,2.0,287.20000000000005,1846.4880000000003
INTERFACES,114361043.0,2,0,89,0,11,311,1,2,0,24,0,0,0,30,24,311,44,352,32.53359703501837,30.24547542364299,54.24185317865925,38.9876303048579,95.0937496654726,21.898587564173113,54.24185317865925,88.566360253744,32.53359703501837,25.56814030363137,79.67601032012773,42.15935158122624,54.78253154722519,21.898587564173113,79.67601032012773,64.58816615682602,25.390007694287153,23.62379143221063,123.83897524762045,38.43562093888244,42.04762596506259,20.3652123191298,123.83897524762045,59.734416138974865,15.55,6.6,281.6000000000001,8.088000000000001,46.65,2.1999999999999997,281.6000000000001,8.088000000000001
INTERNATIONAL JOURNAL OF COMPUTER INTEGRATED MANUFACTURING,5970349.0,0,0,11,0,0,19,0,0,0,1,0,0,0,1,1,19,1,813,1.8019831273171423,1.0,131.48666394162402,2.7963995403972657,5.851297242409215,1.0,131.48666394162402,9.08030972729589,1.8019831273171423,1.0,193.608116554224,4.339580249664443,3.2471431911356685,1.0,193.608116554224,7.8198503895340385,1.3423796509621049,1.0,297.8052328643995,5.01673159174132,2.4189454814875875,1.0,297.8052328643995,9.040065682596728,0.9500000000000001,0.15,650.4000000000002,1.0260000000000002,2.85,0.05,650.4000000000002,1.0260000000000002
INTERNATIONAL JOURNAL OF INFORMATION TECHNOLOGY & DECISION MAKING,9003718.0,0,0,15,0,0,33,1,0,0,9,0,0,0,9,9,33,10,323,4.663108333134838,5.729812416226436,61.97722520996742,12.1595263062565,11.999848420432878,3.624471516591587,61.97722520996742,19.389113263431483,4.663108333134838,4.497414335255674,86.44817993947999,12.892359313444162,7.408487400329902,3.624471516591587,86.44817993947999,16.3055726824976,3.72948444020615,4.023934375865913,127.54485168438164,12.417043684320777,5.862471065462341,3.2865875065753603,127.54485168438164,15.746404436223383,1.6500000000000001,1.5,258.40000000000003,3.336000000000001,4.949999999999999,0.5000000000000001,258.40000000000003,3.3360000000000007
INTERNATIONAL JOURNAL OF PRODUCTION ECONOMICS,298701794.0,2,5,2111,0,10,9201,2,3,0,77,0,0,1,89,57,9201,104,7511,113.2205360714456,62.750650220537935,611.4412815521621,388.3581274727326,938.2995043424643,44.922626101073995,611.4412815521621,2383.9007285764665,113.2205360714456,52.08753996462876,1075.1433519720529,657.0813693469692,318.9079742724203,44.922626101073995,1075.1433519720529,1651.3240518024263,68.58258504932672,48.160245073847285,1971.9758828562758,722.5906423352998,188.97731032251963,42.238398746638715,1971.9758828562758,1840.8065104065533,460.05000000000007,15.600000000000003,6008.799999999995,39989.63999999999,1380.1499999999996,5.199999999999997,6008.799999999995,39989.63999999999
INTERNATIONAL JOURNAL OF PRODUCTION RESEARCH,319318694.0,0,0,1213,0,8,4236,3,0,0,74,0,0,3,80,47,4236,94,5308,96.90384897932097,61.1060552822937,661.7223408818812,259.32777438209297,591.7186693998823,46.303936992234576,661.7223408818812,1246.3811338580629,96.90384897932097,52.35930767964074,1059.044266649147,408.8002542625554,234.2795445923074,46.303936992234576,1059.044266649147,917.2001262856708,63.4156225630971,49.064733738123,1753.2029420760891,457.0629789107659,149.82030922076657,43.97557188605596,1753.2029420760891,1048.034321966338,211.79999999999995,14.100000000000007,4246.4,3074.928,635.4,4.699999999999998,4246.4,3074.9279999999994
INTERNATIONAL JOURNAL OF TECHNOLOGY MANAGEMENT,80813565.0,0,0,113,0,0,724,0,0,0,35,0,0,0,35,20,724,35,417,38.12002317072453,25.116247481872232,71.72017517725259,64.8504617772414,160.8443333433434,20.37724394963317,71.72017517725259,221.48792888913897,38.12002317072453,22.327250681048167,103.75918768221555,77.3514330890752,77.6812343763692,20.37724394963317,103.75918768221555,145.00875322283778,26.86085927630961,21.266485488002292,157.49340401064185,70.47372473096723,54.309762492583445,19.62985877503703,157.49340401064185,134.06689784218042,36.2,5.250000000000001,333.6,68.74800000000002,108.59999999999998,1.7500000000000004,333.6,68.74800000000002
JOURNAL OF GLOBAL OPTIMIZATION,65520758.0,0,0,224,0,1,143,0,0,0,22,0,0,0,23,21,143,24,804,21.212935096552545,19.54319801050455,155.70118842200304,36.99063056418353,49.445636360376334,16.286619424594765,155.70118842200304,80.56161571822477,21.212935096552545,17.788400949325624,222.6845829014202,56.77725666913493,31.524450883055998,16.286619424594765,222.6845829014202,84.0142196948268,17.734282236170056,17.008400063730324,330.2679277520626,75.53570307973963,25.69125469114035,15.618537411787955,330.2679277520626,111.55771560493595,7.15,3.5999999999999988,643.2000000000002,19.139999999999997,21.45,1.2000000000000004,643.2000000000002,19.139999999999997
JOURNAL OF INDUSTRIAL AND MANAGEMENT OPTIMIZATION,0.0,0,0,0,0,0,0,0,0,0,0,0,0,0,0,0,0,0,313,0.0,0.0,87.51142055951267,0.0,0.0,0.0,87.51142055951267,0.0,0.0,0.0,114.58465306284627,0.0,0.0,0.0,114.58465306284627,0.0,0.0,0.0,155.02977538045675,0.0,0.0,0.0,155.02977538045675,0.0,0.0,0.0,250.4000000000001,0.0,0.0,0.0,250.4000000000001,0.0
JOURNAL OF MANUFACTURING SYSTEMS,76676423.0,0,0,332,0,5,737,0,0,0,5,0,0,0,5,5,737,10,1779,18.197574357522857,8.547149699531193,190.52606522574655,35.53545758358636,108.29307270593262,7.446095064991105,190.52606522574655,176.7231845415398,18.197574357522857,7.958523732318683,315.0152793006959,66.13675019619208,43.48992313564112,7.446095064991105,315.0152793006959,147.9990551744215,11.985177294826851,7.693433240034748,541.0653173618525,85.4505689565681,27.973550223154646,7.215320387608879,541.0653173618525,191.54093230418584,36.85000000000001,1.4999999999999998,1423.2000000000005,160.80000000000004,110.55,0.5000000000000001,1423.2000000000005,160.80000000000004
JOURNAL OF OPERATIONS MANAGEMENT,216885861.0,4,3,926,0,2,4241,1,0,0,70,0,0,0,121,93,4241,128,1409,72.84770130861168,63.455184735104886,93.42293743957632,302.42864053944686,545.3703250334459,34.93697941206897,93.42293743957632,1300.703407128434,72.84770130861168,46.452982450265424,174.3447922215803,412.82058247411135,198.3826233239728,34.93697941206897,174.3447922215803,880.1620994266078,44.2986351007363,40.148900962948765,337.69644032717963,407.93775097398736,120.0744574773871,30.60921359626964,337.69644032717963,893.4790647087832,212.05,19.2,1127.2,3159.18,636.1499999999999,6.399999999999998,1127.2,3159.1800000000003
JOURNAL OF OPTIMIZATION THEORY AND APPLICATIONS,56415794.0,0,0,101,0,1,89,0,0,0,25,0,0,0,25,23,89,26,1309,16.632342888868617,18.773776765430387,256.48037601286256,31.348868908774936,35.79454707955437,13.851858274983178,256.48037601286256,57.03516922191536,16.632342888868617,16.08134764983323,365.8756143208813,41.96308528960338,23.938713733698478,13.851858274983178,365.8756143208813,57.60735806695065,14.062705630820894,14.914505800556629,540.2445272638231,50.60995366633735,19.85848118507878,12.883358940818894,540.2445272638231,70.62978748868022,4.45,3.899999999999999,1047.2000000000003,13.614000000000003,13.350000000000001,1.3000000000000003,1047.2000000000003,13.614000000000003
JOURNAL OF QUALITY TECHNOLOGY,0.0,0,0,0,0,0,0,0,0,0,0,0,0,0,0,0,0,0,228,0.0,0.0,22.44429281202015,0.0,0.0,0.0,22.44429281202015,0.0,0.0,0.0,37.72824991350881,0.0,0.0,0.0,37.72824991350881,0.0,0.0,0.0,66.22619619922895,0.0,0.0,0.0,66.22619619922895,0.0,0.0,0.0,182.40000000000003,0.0,0.0,0.0,182.40000000000003,0.0
JOURNAL OF SCHEDULING,0.0,0,0,0,0,0,0,0,0,0,0,0,0,0,0,0,0,0,14,0.0,0.0,4.078967233695324,0.0,0.0,0.0,4.078967233695324,0.0,0.0,0.0,5.5484090040240055,0.0,0.0,0.0,5.5484090040240055,0.0,0.0,0.0,7.550452318801604,0.0,0.0,0.0,7.550452318801604,0.0,0.0,0.0,11.2,0.0,0.0,0.0,11.2,0.0
JOURNAL OF THE OPERATIONAL RESEARCH SOCIETY,221499420.0,1,0,379,0,0,942,7,1,0,51,0,0,0,67,58,942,75,891,55.832861388552146,49.47665117325056,199.26459722536322,115.09929676154331,215.11874282693293,34.85971685280846,199.26459722536322,347.39838925858305,55.832861388552146,41.184363040439926,273.5861365933203,146.3444032616623,107.75958539349003,34.85971685280846,273.5861365933203,261.45630935229843,40.73238381006957,37.81122485690055,389.35892417446945,150.96419765292478,77.22897503812086,32.27235188498918,389.35892417446945,277.1658963857624,47.1,11.249999999999998,712.8000000000002,237.27600000000007,141.30000000000004,3.7499999999999987,712.8000000000002,237.2760000000001
M&SOM-MANUFACTURING & SERVICE OPERATIONS MANAGEMENT,106640868.0,0,0,278,0,18,586,5,0,0,24,0,0,1,25,20,586,49,374,31.823354539256112,29.764636606523947,61.71607410377373,81.70520611628581,132.43934551457457,19.33510156863233,61.71607410377373,235.892450160226,31.823354539256112,23.781809609621412,94.54130401846581,100.39478348223169,64.3927716600636,19.33510156863233,94.54130401846581,174.64591325155843,22.51535134226283,21.39639663322909,147.23740064650048,98.5881761641,45.17316584542314,17.549812300416356,147.23740064650048,175.38875301246966,29.300000000000004,7.35,299.2,102.492,87.89999999999998,2.45,299.2,102.492
MANAGEMENT SCIENCE,449826946.0,22,5,2984,0,34,8600,125,7,0,404,1,2,7,474,305,8600,664,2590,227.49842009375823,251.0448159953352,269.3462128565459,1078.9947051207005,1348.4842336234044,123.73426913879207,269.3462128565459,3206.4986077861727,227.49842009375823,170.6689722552249,448.6950707169481,1279.4336155046788,548.8782399954829,123.73426913879207,448.6950707169481,2279.384462355824,147.45399664125202,144.20885701341348,775.9973684391662,1216.8619610477792,352.57218172536494,107.70209172187154,775.9973684391662,2239.1807166212843,429.9999999999999,99.60000000000011,2072.000000000001,14338.452000000007,1290.0,33.20000000000001,2072.000000000001,14338.452000000007
MATHEMATICAL METHODS OF OPERATIONS RESEARCH,0.0,0,0,0,0,0,0,0,0,0,0,0,0,0,0,0,0,0,86,0.0,0.0,31.655133587940668,0.0,0.0,0.0,31.655133587940668,0.0,0.0,0.0,39.34832258421031,0.0,0.0,0.0,39.34832258421031,0.0,0.0,0.0,49.96929117010654,0.0,0.0,0.0,49.96929117010654,0.0,0.0,0.0,68.8,0.0,0.0,0.0,68.8,0.0
MATHEMATICAL PROGRAMMING,366178470.0,5,1,1255,0,2,2632,1,0,0,123,0,0,0,128,110,2632,136,1545,140.2057353108078,105.25073427250092,180.78901797190338,259.50315679295113,491.9685644439343,89.12798680489247,180.78901797190338,842.3824448072888,140.2057353108078,95.9723796400082,284.11737312998395,387.5484896318232,252.13068614741283,89.12798680489247,284.11737312998395,707.047309713525,107.12980902182508,92.29746343729003,471.1077245994792,463.64855796972546,186.36358807000926,86.38406591046629,471.1077245994792,864.4375111659738,131.60000000000002,20.399999999999988,1236.0000000000002,629.688,394.80000000000007,6.7999999999999945,1236.0000000000002,629.688
MATHEMATICS OF OPERATIONS RESEARCH,49200829.0,0,1,64,0,9,113,0,0,0,20,0,0,0,21,19,113,30,271,21.360078554342255,22.342744145299836,63.549061083045515,33.183958937556895,46.65828401498,17.023812243441316,63.549061083045515,59.679056584757255,21.360078554342255,19.4439376710717,88.21491462793658,36.59495857402141,31.1708277658256,17.023812243441316,88.21491462793658,48.83324332552962,17.84633319665378,18.17956757467805,125.48416272137428,36.078626566714995,25.722753598242225,15.966906933889668,125.48416272137428,47.943792733568074,5.650000000000001,4.499999999999999,216.8000000000001,3.666000000000001,16.949999999999996,1.5,216.8000000000001,3.666000000000001
MILITARY OPERATIONS RESEARCH,0.0,0,0,0,0,0,0,0,0,0,0,0,0,0,0,0,0,0,13,0.0,0.0,7.677126371455285,0.0,0.0,0.0,7.677126371455285,0.0,0.0,0.0,8.542669760261667,0.0,0.0,0.0,8.542669760261667,0.0,0.0,0.0,9.657960937424562,0.0,0.0,0.0,9.657960937424562,0.0,0.0,0.0,10.4,0.0,0.0,0.0,10.4,0.0
NAVAL RESEARCH LOGISTICS,17019237.0,0,0,24,0,0,43,0,0,0,2,0,0,1,3,3,43,4,201,3.6901581499069467,3.031433133020796,55.28347920758129,8.612801701523196,12.583028115086412,2.29739670999407,55.28347920758129,22.450953553986125,3.6901581499069467,2.6390158215457884,73.21735347630582,11.947707149902612,6.812348107067676,2.29739670999407,73.21735347630582,19.362198194972372,2.7164884612787423,2.4622888266898326,99.81308686396078,13.403074160950746,5.013503415448053,2.1435469250725863,99.81308686396078,21.791600346190194,2.1500000000000004,0.6,160.80000000000013,6.444000000000001,6.449999999999999,0.2,160.80000000000013,6.444
NETWORKS,44427731.0,0,0,59,0,1,66,0,0,0,12,0,0,0,12,9,66,13,236,9.925703138483147,9.897797222884321,58.39006071605713,19.026064989747102,23.42668407035691,7.788858589225105,58.39006071605713,37.914573152185945,9.925703138483147,8.742706969376508,78.5446648656855,23.694539082851072,14.864072997481355,7.788858589225105,78.5446648656855,33.82388374982061,8.278233408709097,8.243067167321652,109.52354732081406,25.520430689673077,12.065404827400615,7.3757932731403955,109.52354732081406,36.745609096318326,3.3000000000000003,1.9499999999999997,188.80000000000004,7.104,9.9,0.65,188.80000000000004,7.104000000000001
NETWORKS & SPATIAL ECONOMICS,125891509.0,0,0,52,0,0,68,0,0,0,7,2,0,0,7,4,68,7,474,8.372869939705494,5.29739670999407,68.4451499707272,11.812002947500487,23.702798751066926,4.319507910772894,68.4451499707272,26.535249442732265,8.372869939705494,4.741101126592248,106.8859219643468,15.243358787428015,14.064835086365534,4.319507910772894,106.8859219643468,23.36064348939114,6.467790171948045,4.515716566510398,171.24418858066952,16.752037856508174,10.847554271669482,4.148698354997035,171.24418858066952,26.193223941400362,3.4000000000000004,1.0499999999999998,379.1999999999999,2.7060000000000004,10.200000000000001,0.35000000000000003,379.1999999999999,2.706000000000001
OMEGA-INTERNATIONAL JOURNAL OF MANAGEMENT SCIENCE,69281986.0,0,4,916,0,3,2090,2,0,0,36,0,0,2,41,33,2090,48,2653,42.86366036729682,31.994090997917446,200.83168820559675,135.84343624959922,262.4151869163457,22.318955847152424,200.83168820559675,661.0033605498624,42.86366036729682,26.559107306427094,359.02831504497766,227.6669471396355,102.60505464591347,22.318955847152424,359.02831504497766,523.6234621519947,28.34361318751879,24.308514588336532,669.1036456396946,273.1217156625186,65.79279443785522,20.558694027982412,669.1036456396946,654.3723867093393,104.50000000000001,7.2,2122.4000000000015,3663.144,313.5,2.4,2122.4000000000015,3663.1439999999993
OPERATIONAL RESEARCH,6514764.0,0,0,14,0,2,31,0,0,0,0,0,0,0,0,0,31,2,0,3.3878877970652557,2.0,0.0,0.0,10.044209438700351,2.0,0.0,0.0,3.3878877970652557,2.0,0.0,0.0,5.80242182651136,2.0,0.0,0.0,2.5994174966710695,2.0,0.0,0.0,4.427707485219427,2.0,0.0,0.0,1.5500000000000003,0.3,0.0,0.0,4.6499999999999995,0.1,0.0,0.0
OPERATIONS RESEARCH,143668310.0,4,24,450,0,39,1029,3,0,1,126,0,0,0,133,69,1029,179,0,64.62711541879749,76.49912554928683,0.0,0.0,249.09027497054126,42.19941697269915,0.0,0.0,64.62711541879749,55.569324558366304,0.0,0.0,125.62775503787805,42.19941697269915,0.0,0.0,46.73680861239071,48.2083532786716,0.0,0.0,89.86789276941288,37.20829004165729,0.0,0.0,51.449999999999996,26.850000000000005,0.0,0.0,154.35000000000008,8.949999999999998,0.0,0.0
OPERATIONS RESEARCH LETTERS,99312065.0,0,1,46,0,0,62,1,0,0,15,0,0,1,16,12,62,18,391,12.891598745198554,13.106859548866723,127.76808164904969,21.994059211989374,27.606231538588602,10.071555666067837,127.76808164904969,36.32303016011379,12.891598745198554,11.41402324494992,161.56028942273153,24.065261282542487,18.740030993124858,10.071555666067837,161.56028942273153,30.806643596210364,10.750686960817209,10.704479007043421,210.50263106818596,24.22280211924789,15.515922914393503,9.506062504730803,210.50263106818596,30.810346467621194,3.1,2.6999999999999997,312.80000000000086,2.1060000000000008,9.3,0.9,312.80000000000086,2.1060000000000003
OPTIMAL CONTROL APPLICATIONS & METHODS,73838305.0,1,0,159,0,0,236,0,0,0,5,1,0,1,5,5,236,7,441,7.951324801819382,5.29739670999407,73.3008012702677,23.31125431435835,38.57677697433344,4.319507910772894,73.3008012702677,95.46489606592633,7.951324801819382,4.741101126592248,108.89897968590407,40.32708288333237,16.93926339002755,4.319507910772894,108.89897968590407,81.3765046665969,5.591460284168514,4.515716566510398,167.45441534542158,50.08884736653726,11.505726237175839,4.148698354997035,167.45441534542158,100.60802084988863,11.8,1.05,352.8000000000002,249.00600000000003,35.4,0.35,352.8000000000002,249.00600000000003
OPTIMIZATION AND ENGINEERING,17825027.0,0,0,10,0,1,4,0,0,0,4,0,0,0,4,2,4,5,148,2.2457309396155174,3.4488986114421607,34.8216151932412,4.572801079972267,2.9331820449317627,2.3944292946125527,34.8216151932412,4.197292815550439,2.2457309396155174,2.871353484688254,47.97148882328898,4.598521512330802,2.55184557391536,2.3944292946125527,47.97148882328898,4.41007556396241,2.1161231740339046,2.621533583660826,67.97224948301728,4.76383837923114,2.3903891703159093,2.1878966365701977,67.97224948301728,4.572519887526011,0.2,0.75,118.39999999999999,0.14400000000000002,0.6,0.25,118.39999999999999,0.14400000000000002
OPTIMIZATION LETTERS,197920436.0,0,0,212,0,1,279,0,0,0,58,0,0,0,58,57,279,59,437,64.35799759880709,52.73703779090231,123.8458641462834,81.74011683090941,126.15069396945756,49.16744383800405,123.8458641462834,154.60222660882872,64.35799759880709,50.705364102673265,162.83473861254384,102.72274007929754,88.78505526905349,49.16744383800405,162.83473861254384,140.70912031551035,55.38655197081483,49.88323414305847,220.33383397946199,113.48072346305317,75.31740780739588,48.54378911561838,220.33383397946199,154.95883327963864,13.950000000000003,8.850000000000007,349.6000000000003,15.228000000000002,41.849999999999994,2.949999999999998,349.6000000000003,15.228000000000002
OPTIMIZATION METHODS & SOFTWARE,6840161.0,0,0,20,0,1,58,0,0,0,9,0,0,0,9,6,58,10,347,5.206110247278242,5.923924514397838,68.07050778750394,10.578182596732411,16.774180486944275,3.699237572234109,68.07050778750394,25.7616816682159,5.206110247278242,4.644755065308127,96.50278628836966,12.532981772888899,9.24898219983234,3.699237572234109,96.50278628836966,19.774702945239323,3.9398118138719966,4.13637316320316,142.41407560056317,12.08579416490635,6.919941544307787,3.323317298085054,142.41407560056317,19.297512070826905,2.9000000000000004,1.5,277.6000000000003,8.052000000000001,8.7,0.5,277.6000000000003,8.052000000000001
PROBABILITY IN THE ENGINEERING AND INFORMATIONAL SCIENCES,12564277.0,0,0,27,0,2,15,0,0,0,10,0,0,0,10,10,15,12,100,6.870202456207104,9.480331744462957,30.381535784105566,7.851336510729685,9.662994461158199,7.6918260046066225,30.381535784105566,9.725176236195132,6.870202456207104,8.510369306234043,39.46840764352004,9.710390933875114,8.049259909171035,7.6918260046066225,39.46840764352004,10.472130668887047,6.402710680609265,8.083822410350658,52.57206982574186,11.867439524257634,7.414323546181823,7.331443561642784,52.57206982574186,12.413890041648447,0.7500000000000001,1.8,79.99999999999997,0.3960000000000001,2.2499999999999996,0.6,79.99999999999997,0.396
PRODUCTION AND OPERATIONS MANAGEMENT,232028732.0,2,0,608,0,9,1396,11,5,0,48,0,0,1,52,34,1396,75,1517,59.10300042868389,41.313542674579885,203.8967076324404,138.97351415971113,277.3554212961538,28.307268114028194,203.8967076324404,472.67083953878523,59.10300042868389,33.37195144834199,320.84583890164026,189.18212311478763,126.91960741082983,28.307268114028194,320.84583890164026,364.95446097903056,40.59386382009786,30.56384572885777,521.7112743779505,203.04337263602997,86.42243167922405,26.48316268970958,521.7112743779505,408.6460791885313,69.80000000000001,11.250000000000005,1213.5999999999995,398.51400000000007,209.4,3.7499999999999987,1213.5999999999995,398.514
PRODUCTION PLANNING & CONTROL,167786910.0,1,0,200,0,1,886,0,0,0,16,0,0,1,25,15,886,28,922,27.256093989490754,18.32833580120288,129.1706243759902,71.56816286034282,150.15058081219846,13.474702884986165,129.1706243759902,299.59020199302097,27.256093989490754,15.502740019457722,202.44823420587616,106.00247046084178,63.33875664625079,13.474702884986165,202.44823420587616,221.890183242458,18.030302299111984,14.406516638630265,326.6369609608383,113.40251826631352,41.43867327772178,12.680019981810027,326.6369609608383,243.31761209774302,44.30000000000001,4.199999999999999,737.6000000000001,311.19599999999997,132.9,1.4000000000000004,737.6000000000001,311.19599999999997
QUALITY AND RELIABILITY ENGINEERING INTERNATIONAL,83713613.0,0,0,60,0,2,34,0,0,0,7,0,0,1,7,6,34,10,1016,5.980365140769366,7.230578754925833,180.56462838749354,12.045767633572586,13.921966194037664,5.565238850388411,180.56462838749354,20.080013147601917,5.980365140769366,6.292946700507608,265.5234485372327,13.148964361635013,9.065581455566937,5.565238850388411,265.5234485372327,16.85169132503605,4.882299207719137,5.906105736826307,403.2292282111746,12.97602203070898,7.350764725537149,5.2648215290309395,403.2292282111746,16.516193283179216,1.7000000000000002,1.5,812.8000000000001,1.53,5.1,0.5,812.8000000000001,1.53
QUEUEING SYSTEMS,16120676.0,0,0,65,0,1,55,0,0,0,9,0,0,0,9,9,55,10,151,9.174574953220079,7.480331744462957,42.56349430022028,13.220341188459834,22.0620003962634,5.691826004606623,42.56349430022028,28.32785325053599,9.174574953220079,6.510369306234042,56.29413951830847,18.264358533028282,14.161286920906168,5.691826004606623,56.29413951830847,26.874144928659867,7.4106556580084675,6.083822410350658,76.33674702017765,21.448602899035755,11.385091746328948,5.331443561642784,76.33674702017765,31.63319395147388,2.75,1.5,120.80000000000001,5.076,8.25,0.5,120.80000000000001,5.076
RAIRO-OPERATIONS RESEARCH,1865485.0,0,0,1,0,0,3,0,0,0,2,0,0,0,2,2,3,2,97,1.2457309396155174,1.515716566510398,39.699160133893905,2.1689435423953976,1.9331820449317627,1.148698354997035,39.699160133893905,2.550849001251582,1.2457309396155174,1.3195079107728942,47.55099318471384,2.168943542395397,1.5518455739153598,1.148698354997035,47.55099318471384,2.3521580450493476,1.1161231740339044,1.2311444133449163,58.558271859414305,2.0827594879848212,1.3903891703159093,1.0717734625362931,58.558271859414305,2.2586938709137105,0.15000000000000002,0.3,77.59999999999997,0.07200000000000001,0.44999999999999996,0.1,77.59999999999997,0.072
RELIABILITY ENGINEERING & SYSTEM SAFETY,237766258.0,0,1,795,0,2,3160,6,1,0,116,0,0,1,125,60,3160,134,4413,58.4106648951876,51.21209164173312,440.1162478895606,250.91993374458514,409.716047170628,26.374214305678873,440.1162478895606,892.0040864229715,58.4106648951876,35.39656147645237,746.9629410018731,323.0420034481179,152.6754075183482,26.374214305678873,746.9629410018731,629.0635522366848,36.51603782424381,30.280982186151384,1310.7378785986486,318.340231930801,94.10902381856016,23.357157667041626,1310.7378785986486,637.4587530901158,158.00000000000003,20.099999999999994,3530.400000000002,5465.364,473.9999999999999,6.699999999999999,3530.400000000002,5465.363999999999
SAFETY SCIENCE,679569298.0,6,4,1493,0,10,7552,19,23,0,230,1,0,0,268,147,7552,303,3411,187.01721925889828,142.96502307912257,402.5559889043639,559.8865638303745,1141.0117072937394,80.50420923512486,402.5559889043639,1993.1203033674935,187.01721925889828,105.09426239930448,659.4104041444068,708.5640880633348,457.3290801427954,80.50420923512486,659.4104041444068,1370.8498190155547,120.4834504344662,91.53117236524476,1110.701009310818,685.572573671475,291.7263052545003,71.46600375412969,1110.701009310818,1356.5095907550967,377.60000000000014,45.44999999999999,2728.8,3245.4119999999994,1132.8000000000002,15.150000000000004,2728.8,3245.4119999999994
SYSTEMS & CONTROL LETTERS,22112265.0,0,0,54,0,1,75,0,0,0,9,0,0,1,9,9,75,11,1658,10.480056381645115,9.062866266041592,181.13858938609778,13.752585177364754,26.25091203460166,7.5947934199881395,181.13858938609778,36.24359789106129,10.480056381645115,8.278031643091577,293.0322686018436,19.701727714462084,16.288586205813694,7.5947934199881395,293.0322686018436,32.85502791456935,8.525181044790852,7.924577653379664,498.57512807624937,23.194878442184674,13.00475715726297,7.2870938501451725,498.57512807624937,39.71916703668236,3.7500000000000004,1.65,1326.3999999999987,7.278,11.249999999999998,0.55,1326.3999999999987,7.278000000000001
TOP,0.0,0,0,0,0,0,0,0,0,0,0,0,0,0,0,0,0,0,126,0.0,0.0,46.14661229756442,0.0,0.0,0.0,46.14661229756442,0.0,0.0,0.0,57.3762159699835,0.0,0.0,0.0,57.3762159699835,0.0,0.0,0.0,72.99817976678614,0.0,0.0,0.0,72.99817976678614,0.0,0.0,0.0,100.79999999999998,0.0,0.0,0.0,100.79999999999998,0.0
TRANSPORTATION RESEARCH PART B-METHODOLOGICAL,293822053.0,0,0,1460,0,3,3533,3,3,0,98,0,0,1,109,79,3533,116,3153,117.13219819178973,74.8554782457047,300.44749512908277,320.62604906755627,621.5197430235751,55.687905903073826,300.44749512908277,1273.562066942878,117.13219819178973,63.59136561687911,520.5838386482075,496.81897708937964,267.7036981251318,55.687905903073826,520.5838386482075,1001.5171367964806,77.90759636328113,59.30356305653834,925.3405981090868,560.0373246214913,176.74512050006928,52.619739599093904,925.3405981090868,1140.4446561751508,176.65,17.399999999999995,2522.399999999999,3154.110000000001,529.9499999999999,5.7999999999999945,2522.399999999999,3154.110000000001
TRANSPORTATION RESEARCH PART E-LOGISTICS AND TRANSPORTATION REVIEW,140507941.0,0,0,390,0,1,1330,1,1,0,10,0,1,0,11,10,1330,14,2047,31.59041592386413,13.031433133020798,222.2369901642754,56.365845797423006,197.0116536685099,12.29739670999407,222.2369901642754,344.17211830475156,31.59041592386413,12.63901582154579,373.0876835618621,100.85207168846095,78.14411456643946,12.29739670999407,373.0876835618621,249.96440957338393,20.221798148674456,12.462288826689832,642.615322993623,118.2812036727281,49.570622578964546,12.143546925072584,642.615322993623,294.41239733585314,66.5,2.0999999999999996,1637.6000000000006,211.86600000000004,199.49999999999997,0.7,1637.6000000000006,211.86600000000004
TRANSPORTATION SCIENCE,71875398.0,0,1,321,0,7,670,6,0,0,40,0,0,2,41,29,670,56,847,41.922735011095384,36.67644586491183,97.74151145915519,109.51477583825017,161.6296461350724,25.654162464894917,97.74151145915519,305.9511527680657,41.922735011095384,30.418531430689498,162.83108820554736,145.36172858117882,81.52750790418118,25.654162464894917,162.83108820554736,245.88819279437624,30.290416194249232,27.87647842348028,276.9335184108188,153.4320525212444,58.31787103558465,23.707793611204256,276.9335184108188,262.04475693201044,33.5,8.4,677.5999999999999,171.79200000000003,100.5,2.8,677.5999999999999,171.79200000000003
