SO,blogs,citeulike,dimensions_citation,f1000,facebook pages,mendeley_,news outlets,policy,redditors,tweeters,video uploader,weibo,wikipedia,tweets_count,tweets_origin_count,TC_,mendeley,评论数,TC,0.2,0.6,0.2.1,l1,0.6.1,0.2.2,0.2.3,l2,0.2.4,0.4,0.4.1,l3,0.4.2,0.2.5,0.4.3,l4,0.1,0.3,0.6.2,l5,0.3.1,0.1.1,0.6.3,l6,0.05,0.15,0.8,l7,0.15.1,0.05.1,0.8.1,l8
ANNALS OF OPERATIONS RESEARCH,0,0,160,0,1,162,0,0,0,7,0,0,2,8,6,706,162,11,706,13.90806212,9.29739671,109.0630155,27.58739058,45.36136576,8.319507911,109.0630155,82.06522966,13.90806212,8.741101127,164.8031885,42.49133146,24.81411795,8.319507911,164.8031885,73.82578077,10.5130443,8.515716567,258.4985643,51.32256347,18.51907073,8.148698355,258.4985643,89.90548469,8.1,1.65,564.8,35.01,24.3,0.55,564.8,35.01
APPLIED STOCHASTIC MODELS IN BUSINESS AND INDUSTRY,0,3,57,0,6,53,0,0,0,9,0,0,0,9,7,418,53,15,418,10.37319625,10.83097927,68.63458451,21.66925324,23.1909162,8.034589529,68.63458451,36.30762364,10.37319625,9.294552543,94.55544014,25.88351741,15.46523706,8.034589529,94.55544014,33.73140008,8.514718968,8.633456338,140.6241787,27.96232991,12.65646793,7.491916447,140.6241787,36.71080206,2.65,2.25,334.4,4.5,7.95,0.75,334.4,4.5
ASIA-PACIFIC JOURNAL OF OPERATIONAL RESEARCH,0,0,36,0,0,21,0,0,0,2,0,0,1,2,2,223,21,3,223,3.200287459,2.515716567,50.96735398,6.293279941,8.196440839,2.148698355,50.96735398,13.12044462,3.200287459,2.319507911,66.79572159,9.545431214,5.121385067,2.148698355,66.79572159,13.55080583,2.529907027,2.231144413,93.15658318,12.71566592,4.048398729,2.071773463,93.15658318,17.84370682,1.05,0.45,178.4,3.426,3.15,0.15,178.4,3.426
COMPUTATIONAL OPTIMIZATION AND APPLICATIONS,0,0,9,0,1,24,0,0,0,13,0,0,0,13,6,469,24,14,469,0,0,0,0,0,0,0,0,0,0,0,0,0,0,0,0,0,0,0,0,0,0,0,0,0,0,0,0,0,0,0,0
COMPUTERS & OPERATIONS RESEARCH,0,0,614,0,3,1239,1,0,0,42,0,0,2,47,36,3376,1239,53,3376,58.14947264,40.10159962,341.3167063,136.2911317,254.7708789,31.91711498,341.3167063,493.8363262,58.14947264,35.55336806,575.7115472,208.492076,120.0307474,31.91711498,575.7115472,402.0307976,40.91461027,33.63443025,1005.515936,239.3547916,83.2468808,30.37892365,1005.515936,467.107646,61.95,7.95,2700.8,469.866,185.85,2.65,2700.8,469.866
CONCURRENT ENGINEERING-RESEARCH AND APPLICATIONS,0,0,3,0,0,9,1,0,0,0,0,0,0,0,0,166,9,1,166,0,0,0,0,0,0,0,0,0,0,0,0,0,0,0,0,0,0,0,0,0,0,0,0,0,0,0,0,0,0,0,0
DECISION SUPPORT SYSTEMS,0,5,1193,0,1,5497,5,0,2,184,0,0,1,223,166,1905,5497,230,1905,0,0,0,0,0,0,0,0,0,0,0,0,0,0,0,0,0,0,0,0,0,0,0,0,0,0,0,0,0,0,0,0
DISCRETE EVENT DYNAMIC SYSTEMS-THEORY AND APPLICATIONS,0,0,41,0,1,30,0,0,0,3,0,0,0,3,3,172,30,4,172,0,0,0,0,0,0,0,0,0,0,0,0,0,0,0,0,0,0,0,0,0,0,0,0,0,0,0,0,0,0,0,0
DISCRETE OPTIMIZATION,0,0,12,0,0,46,0,0,0,8,0,0,0,8,8,53,46,8,53,0,0,0,0,0,0,0,0,0,0,0,0,0,0,0,0,0,0,0,0,0,0,0,0,0,0,0,0,0,0,0,0
ENGINEERING OPTIMIZATION,0,0,66,0,1,45,0,0,0,3,0,0,0,5,5,687,45,6,687,5.06671632,4.29739671,125.0039479,10.90902481,14.85365943,3.319507911,125.0039479,25.82248678,5.06671632,3.741101127,183.6052123,15.89237814,8.63710848,3.319507911,183.6052123,25.03864526,3.89410655,3.515716567,277.896228,19.69064966,6.607774846,3.148698355,277.896228,31.67119708,2.25,0.9,549.6,4.644,6.75,0.3,549.6,4.644
EUROPEAN JOURNAL OF OPERATIONAL RESEARCH,0,2,1628,0,3,5269,6,0,0,125,0,0,1,156,106,4048,5269,166,4048,131.8248314,94.97631187,428.9986879,439.0180204,777.9189326,63.85155675,428.9986879,1794.100926,131.8248314,76.4767494,714.2859752,651.888861,314.9060329,63.85155675,714.2859752,1334.702443,86.33960232,69.58541867,1231.331595,696.8540712,202.908096,59.04887179,1231.331595,1444.353294,263.45,24.9,3238.4,15454.35,790.35,8.3,3238.4,15454.35
EXPERT SYSTEMS WITH APPLICATIONS,3,7,3082,0,16,8658,2,2,0,137,0,1,11,163,124,15025,8658,196,15025,225.1099634,132.8377752,1318.831999,560.1860551,1318.264336,101.0047339,1318.831999,2640.844128,225.1099634,114.42953,2305.229027,907.0810611,537.1158666,101.0047339,2305.229027,2020.283695,147.2618452,107.2080257,4168.923063,1047.253047,346.5068236,95.64815543,4168.923063,2393.940946,432.9,29.4,12020,4700.256,1298.7,9.8,12020,4700.256
IIE TRANSACTIONS,0,0,72,0,0,88,0,0,0,2,0,0,0,2,2,643,88,2,643,3.799731068,2,116.2886359,7.369716978,16.79904052,2,116.2886359,35.11159177,3.799731068,2,170.1538353,14.75976842,7.760060748,2,170.1538353,32.5927248,2.730254314,2,256.898548,20.42900253,5.385296383,2,256.898548,45.51083755,4.4,0.3,514.4,26.106,13.2,0.1,514.4,26.106
INFOR,0,0,0,0,0,0,0,0,0,0,0,0,0,0,0,8,0,0,8,0,0,4.491461879,0,0,0,4.491461879,0,0,0,5.103691148,0,0,0,5.103691148,0,0,0,5.86636409,0,0,0,5.86636409,0,0,0,6.4,0,0,0,6.4,0
INFORMS JOURNAL ON COMPUTING,0,1,206,0,9,353,0,0,0,31,0,0,0,31,24,359,353,40,359,21.45534662,21.57737435,62.51002988,76.05882804,78.52444587,14.10718363,62.51002988,184.5784038,21.45534662,17.10285497,90.31194384,100.2791013,40.06281402,14.10718363,90.31194384,156.1799242,15.96424732,15.46485612,136.167936,107.2144456,29.14985636,12.96782026,136.167936,166.9913737,17.65,6,287.2,1846.488,52.95,2,287.2,1846.488
INTERFACES,2,0,89,0,11,311,1,2,0,24,0,0,0,30,24,3660,311,44,3660,32.53359704,30.24547542,506.9796947,38.9876303,95.09374967,21.89858756,506.9796947,88.56636025,32.53359704,25.5681403,771.1986208,42.15935158,54.78253155,21.89858756,771.1986208,64.58816616,25.39000769,23.62379143,1233.900852,38.43562094,42.04762597,20.36521232,1233.900852,59.73441614,15.55,6.6,2928,8.088,46.65,2.2,2928,8.088
INTERNATIONAL JOURNAL OF COMPUTER INTEGRATED MANUFACTURING,0,0,11,0,0,19,0,0,0,1,0,0,0,1,1,813,19,1,813,1.801983127,1,131.4866639,2.79639954,5.851297242,1,131.4866639,9.080309727,1.801983127,1,193.6081166,4.33958025,3.247143191,1,193.6081166,7.81985039,1.342379651,1,297.8052329,5.016731592,2.418945481,1,297.8052329,9.040065683,0.95,0.15,650.4,1.026,2.85,0.05,650.4,1.026
INTERNATIONAL JOURNAL OF INFORMATION TECHNOLOGY & DECISION MAKING,0,0,15,0,0,33,1,0,0,9,0,0,0,9,9,323,33,10,323,4.663108333,5.729812416,61.97722521,12.15952631,11.99984842,3.624471517,61.97722521,19.38911326,4.663108333,4.497414335,86.44817994,12.89235931,7.4084874,3.624471517,86.44817994,16.30557268,3.72948444,4.023934376,127.5448517,12.41704368,5.862471065,3.286587507,127.5448517,15.74640444,1.65,1.5,258.4,3.336,4.95,0.5,258.4,3.336
INTERNATIONAL JOURNAL OF PRODUCTION ECONOMICS,2,5,2111,0,10,9201,2,3,0,77,0,0,1,89,57,7511,9201,104,7511,113.2205361,62.75065022,611.4412816,388.3581275,938.2995043,44.9226261,611.4412816,2383.900729,113.2205361,52.08753996,1075.143352,657.0813693,318.9079743,44.9226261,1075.143352,1651.324052,68.58258505,48.16024507,1971.975883,722.5906423,188.9773103,42.23839875,1971.975883,1840.80651,460.05,15.6,6008.8,39989.64,1380.15,5.2,6008.8,39989.64
INTERNATIONAL JOURNAL OF PRODUCTION RESEARCH,0,0,1213,0,8,4236,3,0,0,74,0,0,3,80,47,5308,4236,94,5308,96.90384898,61.10605528,661.7223409,259.3277744,591.7186694,46.30393699,661.7223409,1246.381134,96.90384898,52.35930768,1059.044267,408.8002543,234.2795446,46.30393699,1059.044267,917.2001263,63.41562256,49.06473374,1753.202942,457.0629789,149.8203092,43.97557189,1753.202942,1048.034322,211.8,14.1,4246.4,3074.928,635.4,4.7,4246.4,3074.928
INTERNATIONAL JOURNAL OF TECHNOLOGY MANAGEMENT,0,0,113,0,0,724,0,0,0,35,0,0,0,35,20,733,724,35,733,38.12002317,25.11624748,122.3808261,64.85046178,160.8443333,20.37724395,122.3808261,221.4879289,38.12002317,22.32725068,178.2233778,77.35143309,77.68123438,20.37724395,178.2233778,145.0087532,26.86085928,21.26648549,272.2346036,70.47372473,54.30976249,19.62985878,272.2346036,134.0668978,36.2,5.25,586.4,68.748,108.6,1.75,586.4,68.748
JOURNAL OF GLOBAL OPTIMIZATION,0,0,224,0,1,143,0,0,0,22,0,0,0,23,21,804,143,24,804,21.2129351,19.54319801,155.7011884,36.99063056,49.44563636,16.28661942,155.7011884,80.56161572,21.2129351,17.78840095,222.6845829,56.77725667,31.52445088,16.28661942,222.6845829,84.01421969,17.73428224,17.00840006,330.2679278,75.53570308,25.69125469,15.61853741,330.2679278,111.5577156,7.15,3.6,643.2,19.14,21.45,1.2,643.2,19.14
JOURNAL OF INDUSTRIAL AND MANAGEMENT OPTIMIZATION,0,0,0,0,0,0,0,0,0,0,0,0,0,0,0,313,0,0,313,0,0,87.51142056,0,0,0,87.51142056,0,0,0,114.5846531,0,0,0,114.5846531,0,0,0,155.0297754,0,0,0,155.0297754,0,0,0,250.4,0,0,0,250.4,0
JOURNAL OF MANUFACTURING SYSTEMS,0,0,332,0,5,737,0,0,0,5,0,0,0,5,5,1779,737,10,1779,18.19757436,8.5471497,190.5260652,35.53545758,108.2930727,7.446095065,190.5260652,176.7231845,18.19757436,7.958523732,315.0152793,66.1367502,43.48992314,7.446095065,315.0152793,147.9990552,11.98517729,7.69343324,541.0653174,85.45056896,27.97355022,7.215320388,541.0653174,191.5409323,36.85,1.5,1423.2,160.8,110.55,0.5,1423.2,160.8
JOURNAL OF OPERATIONS MANAGEMENT,4,3,926,0,2,4241,1,0,0,70,0,0,0,121,93,1409,4241,128,1409,72.84770131,63.45518474,93.42293744,302.4286405,545.370325,34.93697941,93.42293744,1300.703407,72.84770131,46.45298245,174.3447922,412.8205825,198.3826233,34.93697941,174.3447922,880.1620994,44.2986351,40.14890096,337.6964403,407.937751,120.0744575,30.6092136,337.6964403,893.4790647,212.05,19.2,1127.2,3159.18,636.15,6.4,1127.2,3159.18
JOURNAL OF OPTIMIZATION THEORY AND APPLICATIONS,0,0,101,0,1,89,0,0,0,25,0,0,0,25,23,1309,89,26,1309,16.63234289,18.77377677,256.480376,31.34886891,35.79454708,13.85185827,256.480376,57.03516922,16.63234289,16.08134765,365.8756143,41.96308529,23.93871373,13.85185827,365.8756143,57.60735807,14.06270563,14.9145058,540.2445273,50.60995367,19.85848119,12.88335894,540.2445273,70.62978749,4.45,3.9,1047.2,13.614,13.35,1.3,1047.2,13.614
JOURNAL OF QUALITY TECHNOLOGY,0,0,0,0,0,0,0,0,0,0,0,0,0,0,0,9520,0,0,9520,0,0,1279.336516,0,0,0,1279.336516,0,0,0,1963.367701,0,0,0,1963.367701,0,0,0,3166.929427,0,0,0,3166.929427,0,0,0,7616,0,0,0,7616,0
JOURNAL OF SCHEDULING,0,0,0,0,0,0,0,0,0,0,0,0,0,0,0,14,0,0,14,0,0,4.078967234,0,0,0,4.078967234,0,0,0,5.548409004,0,0,0,5.548409004,0,0,0,7.550452319,0,0,0,7.550452319,0,0,0,11.2,0,0,0,11.2,0
JOURNAL OF THE OPERATIONAL RESEARCH SOCIETY,1,0,379,0,0,942,7,1,0,51,0,0,0,67,58,891,942,75,891,55.83286139,49.47665117,199.2645972,115.0992968,215.1187428,34.85971685,199.2645972,347.3983893,55.83286139,41.18436304,273.5861366,146.3444033,107.7595854,34.85971685,273.5861366,261.4563094,40.73238381,37.81122486,389.3589242,150.9641977,77.22897504,32.27235188,389.3589242,277.1658964,47.1,11.25,712.8,237.276,141.3,3.75,712.8,237.276
M&SOM-MANUFACTURING & SERVICE OPERATIONS MANAGEMENT,0,0,278,0,18,586,5,0,0,24,0,0,1,25,20,374,586,49,374,31.82335454,29.76463661,61.7160741,81.70520612,132.4393455,19.33510157,61.7160741,235.8924502,31.82335454,23.78180961,94.54130402,100.3947835,64.39277166,19.33510157,94.54130402,174.6459133,22.51535134,21.39639663,147.2374006,98.58817616,45.17316585,17.5498123,147.2374006,175.388753,29.3,7.35,299.2,102.492,87.9,2.45,299.2,102.492
MANAGEMENT SCIENCE,22,5,2984,0,34,8600,125,7,0,404,1,2,7,474,305,2590,8600,664,2590,227.4984201,251.044816,269.3462129,1078.994705,1348.484234,123.7342691,269.3462129,3206.498608,227.4984201,170.6689723,448.6950707,1279.433616,548.87824,123.7342691,448.6950707,2279.384462,147.4539966,144.208857,775.9973684,1216.861961,352.5721817,107.7020917,775.9973684,2239.180717,430,99.6,2072,14338.452,1290,33.2,2072,14338.452
MATHEMATICAL METHODS OF OPERATIONS RESEARCH,0,0,0,0,0,0,0,0,0,0,0,0,0,0,0,86,0,0,86,0,0,31.65513359,0,0,0,31.65513359,0,0,0,39.34832258,0,0,0,39.34832258,0,0,0,49.96929117,0,0,0,49.96929117,0,0,0,68.8,0,0,0,68.8,0
MATHEMATICAL PROGRAMMING,5,1,1255,0,2,2632,1,0,0,123,0,0,0,128,110,1545,2632,136,1545,140.2057353,105.2507343,180.789018,259.5031568,491.9685644,89.1279868,180.789018,842.3824448,140.2057353,95.97237964,284.1173731,387.5484896,252.1306861,89.1279868,284.1173731,707.0473097,107.129809,92.29746344,471.1077246,463.648558,186.3635881,86.38406591,471.1077246,864.4375112,131.6,20.4,1236,629.688,394.8,6.8,1236,629.688
MATHEMATICS OF OPERATIONS RESEARCH,0,1,64,0,9,113,0,0,0,20,0,0,0,21,19,271,113,30,271,21.36007855,22.34274415,63.54906108,33.18395894,46.65828401,17.02381224,63.54906108,59.67905658,21.36007855,19.44393767,88.21491463,36.59495857,31.17082777,17.02381224,88.21491463,48.83324333,17.8463332,18.17956757,125.4841627,36.07862657,25.7227536,15.96690693,125.4841627,47.94379273,5.65,4.5,216.8,3.666,16.95,1.5,216.8,3.666
MILITARY OPERATIONS RESEARCH,0,0,0,0,0,0,0,0,0,0,0,0,0,0,0,13,0,0,13,0,0,7.677126371,0,0,0,7.677126371,0,0,0,8.54266976,0,0,0,8.54266976,0,0,0,9.657960937,0,0,0,9.657960937,0,0,0,10.4,0,0,0,10.4,0
NAVAL RESEARCH LOGISTICS,0,0,24,0,0,43,0,0,0,2,0,0,1,3,3,201,43,4,201,3.69015815,3.031433133,55.28347921,8.612801702,12.58302812,2.29739671,55.28347921,22.45095355,3.69015815,2.639015822,73.21735348,11.94770715,6.812348107,2.29739671,73.21735348,19.36219819,2.716488461,2.462288827,99.81308686,13.40307416,5.013503415,2.143546925,99.81308686,21.79160035,2.15,0.6,160.8,6.444,6.45,0.2,160.8,6.444
NETWORKS,0,0,59,0,1,66,0,0,0,12,0,0,0,12,9,236,66,13,236,9.925703138,9.897797223,58.39006072,19.02606499,23.42668407,7.788858589,58.39006072,37.91457315,9.925703138,8.742706969,78.54466487,23.69453908,14.864073,7.788858589,78.54466487,33.82388375,8.278233409,8.243067167,109.5235473,25.52043069,12.06540483,7.375793273,109.5235473,36.7456091,3.3,1.95,188.8,7.104,9.9,0.65,188.8,7.104
NETWORKS & SPATIAL ECONOMICS,0,0,52,0,0,68,0,0,0,7,2,0,0,7,4,474,68,7,474,8.37286994,5.29739671,68.44514997,11.81200295,23.70279875,4.319507911,68.44514997,26.53524944,8.37286994,4.741101127,106.885922,15.24335879,14.06483509,4.319507911,106.885922,23.36064349,6.467790172,4.515716567,171.2441886,16.75203786,10.84755427,4.148698355,171.2441886,26.19322394,3.4,1.05,379.2,2.706,10.2,0.35,379.2,2.706
OMEGA-INTERNATIONAL JOURNAL OF MANAGEMENT SCIENCE,0,4,916,0,3,2090,2,0,0,36,0,0,2,41,33,2653,2090,48,2653,42.86366037,31.994091,200.8316882,135.8434362,262.4151869,22.31895585,200.8316882,661.0033605,42.86366037,26.55910731,359.028315,227.6669471,102.6050546,22.31895585,359.028315,523.6234622,28.34361319,24.30851459,669.1036456,273.1217157,65.79279444,20.55869403,669.1036456,654.3723867,104.5,7.2,2122.4,3663.144,313.5,2.4,2122.4,3663.144
OPERATIONAL RESEARCH,0,0,14,0,2,31,0,0,0,0,0,0,0,0,0,0,31,2,0,0,0,0,0,0,0,0,0,0,0,0,0,0,0,0,0,0,0,0,0,0,0,0,0,0,0,0,0,0,0,0,0
OPERATIONS RESEARCH,4,24,450,0,39,1029,3,0,1,126,0,0,0,133,69,0,1029,179,0,0,0,0,0,0,0,0,0,0,0,0,0,0,0,0,0,0,0,0,0,0,0,0,0,0,0,0,0,0,0,0,0
OPERATIONS RESEARCH LETTERS,0,1,46,0,0,62,1,0,0,15,0,0,1,16,12,391,62,18,391,0,0,0,0,0,0,0,0,0,0,0,0,0,0,0,0,0,0,0,0,0,0,0,0,0,0,0,0,0,0,0,0
OPTIMAL CONTROL APPLICATIONS & METHODS,1,0,159,0,0,236,0,0,0,5,1,0,1,5,5,441,236,7,441,0,0,0,0,0,0,0,0,0,0,0,0,0,0,0,0,0,0,0,0,0,0,0,0,0,0,0,0,0,0,0,0
OPTIMIZATION AND ENGINEERING,0,0,10,0,1,4,0,0,0,4,0,0,0,4,2,148,4,5,148,0,0,0,0,0,0,0,0,0,0,0,0,0,0,0,0,0,0,0,0,0,0,0,0,0,0,0,0,0,0,0,0
OPTIMIZATION LETTERS,0,0,212,0,1,279,0,0,0,58,0,0,0,58,57,437,279,59,437,0,0,0,0,0,0,0,0,0,0,0,0,0,0,0,0,0,0,0,0,0,0,0,0,0,0,0,0,0,0,0,0
OPTIMIZATION METHODS & SOFTWARE,0,0,20,0,1,58,0,0,0,9,0,0,0,9,6,347,58,10,347,0,0,0,0,0,0,0,0,0,0,0,0,0,0,0,0,0,0,0,0,0,0,0,0,0,0,0,0,0,0,0,0
PROBABILITY IN THE ENGINEERING AND INFORMATIONAL SCIENCES,0,0,27,0,2,15,0,0,0,10,0,0,0,10,10,100,15,12,100,0,0,0,0,0,0,0,0,0,0,0,0,0,0,0,0,0,0,0,0,0,0,0,0,0,0,0,0,0,0,0,0
PRODUCTION AND OPERATIONS MANAGEMENT,2,0,608,0,9,1396,11,5,0,48,0,0,1,52,34,4009,1396,75,4009,0,0,365.5247187,0,0,0,365.5247187,0,0,0,560.9622003,0,0,0,560.9622003,0,0,0,904.8369791,0,0,0,904.8369791,0,0,0,2176,0,0,0,2176,0
PRODUCTION PLANNING & CONTROL,1,0,200,0,1,886,0,0,0,16,0,0,1,25,15,922,886,28,922,0,0,0,0,0,0,0,0,0,0,0,0,0,0,0,0,0,0,0,0,0,0,0,0,0,0,0,0,0,0,0,0
QUALITY AND RELIABILITY ENGINEERING INTERNATIONAL,0,0,60,0,2,34,0,0,0,7,0,0,1,7,6,1016,34,10,1016,0,0,0,0,0,0,0,0,0,0,0,0,0,0,0,0,0,0,0,0,0,0,0,0,0,0,0,0,0,0,0,0
QUEUEING SYSTEMS,0,0,65,0,1,55,0,0,0,9,0,0,0,9,9,151,55,10,151,0,0,0,0,0,0,0,0,0,0,0,0,0,0,0,0,0,0,0,0,0,0,0,0,0,0,0,0,0,0,0,0
RAIRO-OPERATIONS RESEARCH,0,0,1,0,0,3,0,0,0,2,0,0,0,2,2,97,3,2,97,0,0,0,0,0,0,0,0,0,0,0,0,0,0,0,0,0,0,0,0,0,0,0,0,0,0,0,0,0,0,0,0
RELIABILITY ENGINEERING & SYSTEM SAFETY,0,1,795,0,2,3160,6,1,0,116,0,0,1,125,60,4413,3160,134,4413,0,0,0,0,0,0,0,0,0,0,0,0,0,0,0,0,0,0,0,0,0,0,0,0,0,0,0,0,0,0,0,0
SAFETY SCIENCE,6,4,1493,0,10,7552,19,23,0,230,1,0,0,268,147,3411,7552,303,3411,0,0,0,0,0,0,0,0,0,0,0,0,0,0,0,0,0,0,0,0,0,0,0,0,0,0,0,0,0,0,0,0
SYSTEMS & CONTROL LETTERS,0,0,54,0,1,75,0,0,0,9,0,0,1,9,9,1658,75,11,1658,0,0,0,0,0,0,0,0,0,0,0,0,0,0,0,0,0,0,0,0,0,0,0,0,0,0,0,0,0,0,0,0
TOP,0,0,0,0,0,0,0,0,0,0,0,0,0,0,0,126,0,0,126,0,0,0,0,0,0,0,0,0,0,0,0,0,0,0,0,0,0,0,0,0,0,0,0,0,0,0,0,0,0,0,0
TRANSPORTATION RESEARCH PART B-METHODOLOGICAL,0,0,1460,0,3,3533,3,3,0,98,0,0,1,109,79,3153,3533,116,3153,0,0,0,0,0,0,0,0,0,0,0,0,0,0,0,0,0,0,0,0,0,0,0,0,0,0,0,0,0,0,0,0
TRANSPORTATION RESEARCH PART E-LOGISTICS AND TRANSPORTATION REVIEW,0,0,390,0,1,1330,1,1,0,10,0,1,0,11,10,2047,1330,14,2047,0,0,0,0,0,0,0,0,0,0,0,0,0,0,0,0,0,0,0,0,0,0,0,0,0,0,0,0,0,0,0,0
TRANSPORTATION SCIENCE,0,1,321,0,7,670,6,0,0,40,0,0,2,41,29,847,670,56,847,0,0,0,0,0,0,0,0,0,0,0,0,0,0,0,0,0,0,0,0,0,0,0,0,0,0,0,0,0,0,0,0
